name,url
“Coelosaurus” antiquus,https://en.wikipedia.org/wiki/”Coelosaurus”_antiquus
Aachenosaurus,https://en.wikipedia.org/wiki/Aachenosaurus
Aardonyx,https://en.wikipedia.org/wiki/Aardonyx
Abdarainurus,https://en.wikipedia.org/wiki/Abdarainurus
Abditosaurus,https://en.wikipedia.org/wiki/Abditosaurus
Abelisaurus,https://en.wikipedia.org/wiki/Abelisaurus
Abrictosaurus,https://en.wikipedia.org/wiki/Abrictosaurus
Abrosaurus,https://en.wikipedia.org/wiki/Abrosaurus
Abydosaurus,https://en.wikipedia.org/wiki/Abydosaurus
Acantholipan,https://en.wikipedia.org/wiki/Acantholipan
Acanthopholis,https://en.wikipedia.org/wiki/Acanthopholis
Achelousaurus,https://en.wikipedia.org/wiki/Achelousaurus
Acheroraptor,https://en.wikipedia.org/wiki/Acheroraptor
Achillesaurus,https://en.wikipedia.org/wiki/Achillesaurus
Achillobator,https://en.wikipedia.org/wiki/Achillobator
Acristavus,https://en.wikipedia.org/wiki/Acristavus
Acrocanthosaurus,https://en.wikipedia.org/wiki/Acrocanthosaurus
Acrotholus,https://en.wikipedia.org/wiki/Acrotholus
Actiosaurus,https://en.wikipedia.org/wiki/Actiosaurus
Adamantisaurus,https://en.wikipedia.org/wiki/Adamantisaurus
Adasaurus,https://en.wikipedia.org/wiki/Adasaurus
Adelolophus,https://en.wikipedia.org/wiki/Adelolophus
Adeopapposaurus,https://en.wikipedia.org/wiki/Adeopapposaurus
Adratiklit,https://en.wikipedia.org/wiki/Adratiklit
Adynomosaurus,https://en.wikipedia.org/wiki/Adynomosaurus
Aegyptosaurus,https://en.wikipedia.org/wiki/Aegyptosaurus
Aeolosaurus,https://en.wikipedia.org/wiki/Aeolosaurus
Aepisaurus,https://en.wikipedia.org/wiki/Aepisaurus
Aepyornithomimus,https://en.wikipedia.org/wiki/Aepyornithomimus
Aerosteon,https://en.wikipedia.org/wiki/Aerosteon
Afromimus,https://en.wikipedia.org/wiki/Afromimus
Afrovenator,https://en.wikipedia.org/wiki/Afrovenator
Agathaumas,https://en.wikipedia.org/wiki/Agathaumas
Aggiosaurus,https://en.wikipedia.org/wiki/Aggiosaurus
Agilisaurus,https://en.wikipedia.org/wiki/Agilisaurus
Agnosphitys,https://en.wikipedia.org/wiki/Agnosphitys
Agrosaurus,https://en.wikipedia.org/wiki/Agrosaurus
Agujaceratops,https://en.wikipedia.org/wiki/Agujaceratops
Agustinia,https://en.wikipedia.org/wiki/Agustinia
Ahshislepelta,https://en.wikipedia.org/wiki/Ahshislepelta
Ajkaceratops,https://en.wikipedia.org/wiki/Ajkaceratops
Ajnabia,https://en.wikipedia.org/wiki/Ajnabia
Akainacephalus,https://en.wikipedia.org/wiki/Akainacephalus
Alamosaurus,https://en.wikipedia.org/wiki/Alamosaurus
Alaskacephale,https://en.wikipedia.org/wiki/Alaskacephale
Albalophosaurus,https://en.wikipedia.org/wiki/Albalophosaurus
Albertaceratops,https://en.wikipedia.org/wiki/Albertaceratops
Albertadromeus,https://en.wikipedia.org/wiki/Albertadromeus
Albertavenator,https://en.wikipedia.org/wiki/Albertavenator
Albertonykus,https://en.wikipedia.org/wiki/Albertonykus
Albertosaurus,https://en.wikipedia.org/wiki/Albertosaurus
Albinykus,https://en.wikipedia.org/wiki/Albinykus
Albisaurus,https://en.wikipedia.org/wiki/Albisaurus
Alcovasaurus,https://en.wikipedia.org/wiki/Alcovasaurus
Alectrosaurus,https://en.wikipedia.org/wiki/Alectrosaurus
Aletopelta,https://en.wikipedia.org/wiki/Aletopelta
Algoasaurus,https://en.wikipedia.org/wiki/Algoasaurus
Alioramus,https://en.wikipedia.org/wiki/Alioramus
Allosaurus,https://en.wikipedia.org/wiki/Allosaurus
Almas ukhaa,https://en.wikipedia.org/wiki/Almas_ukhaa
Alnashetri,https://en.wikipedia.org/wiki/Alnashetri
Alocodon,https://en.wikipedia.org/wiki/Alocodon
Altirhinus,https://en.wikipedia.org/wiki/Altirhinus
Altispinax,https://en.wikipedia.org/wiki/Altispinax
Alvarezsaurus,https://en.wikipedia.org/wiki/Alvarezsaurus
Alwalkeria,https://en.wikipedia.org/wiki/Alwalkeria
Alxasaurus,https://en.wikipedia.org/wiki/Alxasaurus
Amanzia,https://en.wikipedia.org/wiki/Amanzia
Amargasaurus,https://en.wikipedia.org/wiki/Amargasaurus
Amargatitanis,https://en.wikipedia.org/wiki/Amargatitanis
Amazonsaurus,https://en.wikipedia.org/wiki/Amazonsaurus
Ambopteryx,https://en.wikipedia.org/wiki/Ambopteryx
Ampelosaurus,https://en.wikipedia.org/wiki/Ampelosaurus
Amphicoelias,https://en.wikipedia.org/wiki/Amphicoelias
Amtocephale,https://en.wikipedia.org/wiki/Amtocephale
Amtosaurus,https://en.wikipedia.org/wiki/Amtosaurus
Amurosaurus,https://en.wikipedia.org/wiki/Amurosaurus
Amygdalodon,https://en.wikipedia.org/wiki/Amygdalodon
Anabisetia,https://en.wikipedia.org/wiki/Anabisetia
Analong,https://en.wikipedia.org/wiki/Analong
Anasazisaurus,https://en.wikipedia.org/wiki/Anasazisaurus
Anchiceratops,https://en.wikipedia.org/wiki/Anchiceratops
Anchiornis,https://en.wikipedia.org/wiki/Anchiornis
Anchisaurus,https://en.wikipedia.org/wiki/Anchisaurus
Andesaurus,https://en.wikipedia.org/wiki/Andesaurus
Angolatitan,https://en.wikipedia.org/wiki/Angolatitan
Angulomastacator,https://en.wikipedia.org/wiki/Angulomastacator
Anhuilong,https://en.wikipedia.org/wiki/Anhuilong
Aniksosaurus,https://en.wikipedia.org/wiki/Aniksosaurus
Animantarx,https://en.wikipedia.org/wiki/Animantarx
Ankistrodon,https://en.wikipedia.org/wiki/Ankistrodon
Ankylosauria,https://en.wikipedia.org/wiki/Ankylosauria
Ankylosaurus,https://en.wikipedia.org/wiki/Ankylosaurus
Anodontosaurus,https://en.wikipedia.org/wiki/Anodontosaurus
Anomalipes,https://en.wikipedia.org/wiki/Anomalipes
Anoplosaurus,https://en.wikipedia.org/wiki/Anoplosaurus
Anserimimus,https://en.wikipedia.org/wiki/Anserimimus
Antarctopelta,https://en.wikipedia.org/wiki/Antarctopelta
Antarctosaurus,https://en.wikipedia.org/wiki/Antarctosaurus
Antetonitrus,https://en.wikipedia.org/wiki/Antetonitrus
Antrodemus,https://en.wikipedia.org/wiki/Antrodemus
Anzu wyliei,https://en.wikipedia.org/wiki/Anzu_wyliei
Aoniraptor,https://en.wikipedia.org/wiki/Aoniraptor
Aorun,https://en.wikipedia.org/wiki/Aorun
Apatodon,https://en.wikipedia.org/wiki/Apatodon
Apatoraptor,https://en.wikipedia.org/wiki/Apatoraptor
Apatosaurus,https://en.wikipedia.org/wiki/Apatosaurus
Appalachiosaurus,https://en.wikipedia.org/wiki/Appalachiosaurus
Aquilarhinus,https://en.wikipedia.org/wiki/Aquilarhinus
Aquilops,https://en.wikipedia.org/wiki/Aquilops
Arackar,https://en.wikipedia.org/wiki/Arackar
Aragosaurus,https://en.wikipedia.org/wiki/Aragosaurus
Aralosaurus,https://en.wikipedia.org/wiki/Aralosaurus
Aratasaurus,https://en.wikipedia.org/wiki/Aratasaurus
Archaeoceratops,https://en.wikipedia.org/wiki/Archaeoceratops
Archaeodontosaurus,https://en.wikipedia.org/wiki/Archaeodontosaurus
Archaeopteryx,https://en.wikipedia.org/wiki/Archaeopteryx
Archaeoraptor,https://en.wikipedia.org/wiki/Archaeoraptor
Archaeornithoides,https://en.wikipedia.org/wiki/Archaeornithoides
Archaeornithomimus,https://en.wikipedia.org/wiki/Archaeornithomimus
Archosaur,https://en.wikipedia.org/wiki/Archosaur
Arcovenator,https://en.wikipedia.org/wiki/Arcovenator
Arctosaurus,https://en.wikipedia.org/wiki/Arctosaurus
Arcusaurus,https://en.wikipedia.org/wiki/Arcusaurus
Arenysaurus,https://en.wikipedia.org/wiki/Arenysaurus
Argentinosaurus,https://en.wikipedia.org/wiki/Argentinosaurus
Argyrosaurus,https://en.wikipedia.org/wiki/Argyrosaurus
Aristosuchus,https://en.wikipedia.org/wiki/Aristosuchus
Arizonasaurus,https://en.wikipedia.org/wiki/Arizonasaurus
Arkansaurus,https://en.wikipedia.org/wiki/Arkansaurus
Arkharavia,https://en.wikipedia.org/wiki/Arkharavia
Arrhinoceratops,https://en.wikipedia.org/wiki/Arrhinoceratops
Arrudatitan,https://en.wikipedia.org/wiki/Arrudatitan
Arstanosaurus,https://en.wikipedia.org/wiki/Arstanosaurus
Asfaltovenator,https://en.wikipedia.org/wiki/Asfaltovenator
Asiaceratops,https://en.wikipedia.org/wiki/Asiaceratops
Asiamericana,https://en.wikipedia.org/wiki/Asiamericana
Asiatosaurus,https://en.wikipedia.org/wiki/Asiatosaurus
Asilisaurus,https://en.wikipedia.org/wiki/Asilisaurus
Astrodon,https://en.wikipedia.org/wiki/Astrodon
Astrophocaudia,https://en.wikipedia.org/wiki/Astrophocaudia
Asylosaurus,https://en.wikipedia.org/wiki/Asylosaurus
Atacamatitan,https://en.wikipedia.org/wiki/Atacamatitan
Atlantosaurus,https://en.wikipedia.org/wiki/Atlantosaurus
Atlasaurus,https://en.wikipedia.org/wiki/Atlasaurus
Atlascopcosaurus,https://en.wikipedia.org/wiki/Atlascopcosaurus
Atrociraptor,https://en.wikipedia.org/wiki/Atrociraptor
Atsinganosaurus,https://en.wikipedia.org/wiki/Atsinganosaurus
Aublysodon,https://en.wikipedia.org/wiki/Aublysodon
Aucasaurus,https://en.wikipedia.org/wiki/Aucasaurus
Augustynolophus,https://en.wikipedia.org/wiki/Augustynolophus
Auroraceratops,https://en.wikipedia.org/wiki/Auroraceratops
Aurornis,https://en.wikipedia.org/wiki/Aurornis
Australodocus,https://en.wikipedia.org/wiki/Australodocus
Australotitan,https://en.wikipedia.org/wiki/Australotitan
Australovenator,https://en.wikipedia.org/wiki/Australovenator
Austrocheirus,https://en.wikipedia.org/wiki/Austrocheirus
Austroposeidon,https://en.wikipedia.org/wiki/Austroposeidon
Austroraptor,https://en.wikipedia.org/wiki/Austroraptor
Austrosaurus,https://en.wikipedia.org/wiki/Austrosaurus
Avaceratops,https://en.wikipedia.org/wiki/Avaceratops
Avalonianus,https://en.wikipedia.org/wiki/Avalonianus
Avebrevicauda,https://en.wikipedia.org/wiki/Avebrevicauda
Avemetatarsalia,https://en.wikipedia.org/wiki/Avemetatarsalia
Aviatyrannis,https://en.wikipedia.org/wiki/Aviatyrannis
Avimimus,https://en.wikipedia.org/wiki/Avimimus
Avipes,https://en.wikipedia.org/wiki/Avipes
Avisaurus,https://en.wikipedia.org/wiki/Avisaurus
Azendohsaurus,https://en.wikipedia.org/wiki/Azendohsaurus
Azhdarchoidea,https://en.wikipedia.org/wiki/Azhdarchoidea
Baalsaurus,https://en.wikipedia.org/wiki/Baalsaurus
Bactrosaurus,https://en.wikipedia.org/wiki/Bactrosaurus
Bagaceratops,https://en.wikipedia.org/wiki/Bagaceratops
Bagaraatan,https://en.wikipedia.org/wiki/Bagaraatan
Bagualia,https://en.wikipedia.org/wiki/Bagualia
Bagualosaurus,https://en.wikipedia.org/wiki/Bagualosaurus
Bahariasaurus,https://en.wikipedia.org/wiki/Bahariasaurus
Bainoceratops,https://en.wikipedia.org/wiki/Bainoceratops
Bajadasaurus,https://en.wikipedia.org/wiki/Bajadasaurus
Balaur bondoc,https://en.wikipedia.org/wiki/Balaur_bondoc
Bambiraptor,https://en.wikipedia.org/wiki/Bambiraptor
Banji,https://en.wikipedia.org/wiki/Banji
Bannykus,https://en.wikipedia.org/wiki/Bannykus
Baotianmansaurus,https://en.wikipedia.org/wiki/Baotianmansaurus
Barapasaurus,https://en.wikipedia.org/wiki/Barapasaurus
Barilium,https://en.wikipedia.org/wiki/Barilium
Barosaurus,https://en.wikipedia.org/wiki/Barosaurus
Barrosasaurus,https://en.wikipedia.org/wiki/Barrosasaurus
Barsboldia,https://en.wikipedia.org/wiki/Barsboldia
Baryonyx,https://en.wikipedia.org/wiki/Baryonyx
Bashanosaurus,https://en.wikipedia.org/wiki/Bashanosaurus
Basutodon,https://en.wikipedia.org/wiki/Basutodon
Batyrosaurus,https://en.wikipedia.org/wiki/Batyrosaurus
Baurutitan,https://en.wikipedia.org/wiki/Baurutitan
Bayannurosaurus,https://en.wikipedia.org/wiki/Bayannurosaurus
Beg tse,https://en.wikipedia.org/wiki/Beg_tse
Beibeilong,https://en.wikipedia.org/wiki/Beibeilong
Beipiaognathus,https://en.wikipedia.org/wiki/Beipiaognathus
Beipiaosaurus,https://en.wikipedia.org/wiki/Beipiaosaurus
Beishanlong,https://en.wikipedia.org/wiki/Beishanlong
Bellusaurus,https://en.wikipedia.org/wiki/Bellusaurus
Belodon,https://en.wikipedia.org/wiki/Belodon
Berberosaurus,https://en.wikipedia.org/wiki/Berberosaurus
Berthasaura,https://en.wikipedia.org/wiki/Berthasaura
Betasuchus,https://en.wikipedia.org/wiki/Betasuchus
Bicentenaria,https://en.wikipedia.org/wiki/Bicentenaria
Bienosaurus,https://en.wikipedia.org/wiki/Bienosaurus
Bissektipelta,https://en.wikipedia.org/wiki/Bissektipelta
Bistahieversor,https://en.wikipedia.org/wiki/Bistahieversor
Bisticeratops,https://en.wikipedia.org/wiki/Bisticeratops
Blasisaurus,https://en.wikipedia.org/wiki/Blasisaurus
Blikanasaurus,https://en.wikipedia.org/wiki/Blikanasaurus
Bolong,https://en.wikipedia.org/wiki/Bolong
Bonapartenykus,https://en.wikipedia.org/wiki/Bonapartenykus
Bonapartesaurus,https://en.wikipedia.org/wiki/Bonapartesaurus
Bonatitan,https://en.wikipedia.org/wiki/Bonatitan
Bonitasaura,https://en.wikipedia.org/wiki/Bonitasaura
Borealopelta,https://en.wikipedia.org/wiki/Borealopelta
Borealosaurus,https://en.wikipedia.org/wiki/Borealosaurus
Boreonykus,https://en.wikipedia.org/wiki/Boreonykus
Borogovia,https://en.wikipedia.org/wiki/Borogovia
Bothriospondylus,https://en.wikipedia.org/wiki/Bothriospondylus
Brachiosaurus,https://en.wikipedia.org/wiki/Brachiosaurus
Brachyceratops,https://en.wikipedia.org/wiki/Brachyceratops
Brachylophosaurus,https://en.wikipedia.org/wiki/Brachylophosaurus
Brachypodosaurus,https://en.wikipedia.org/wiki/Brachypodosaurus
Brachytrachelopan,https://en.wikipedia.org/wiki/Brachytrachelopan
Bradycneme,https://en.wikipedia.org/wiki/Bradycneme
Brasileosaurus,https://en.wikipedia.org/wiki/Brasileosaurus
Brasilotitan,https://en.wikipedia.org/wiki/Brasilotitan
Bravasaurus,https://en.wikipedia.org/wiki/Bravasaurus
Bravoceratops,https://en.wikipedia.org/wiki/Bravoceratops
Breviceratops,https://en.wikipedia.org/wiki/Breviceratops
Brighstoneus,https://en.wikipedia.org/wiki/Brighstoneus
Brithopus,https://en.wikipedia.org/wiki/Brithopus
Brohisaurus,https://en.wikipedia.org/wiki/Brohisaurus
Brontomerus,https://en.wikipedia.org/wiki/Brontomerus
Brontosaurus,https://en.wikipedia.org/wiki/Brontosaurus
Bruhathkayosaurus,https://en.wikipedia.org/wiki/Bruhathkayosaurus
Buitreraptor,https://en.wikipedia.org/wiki/Buitreraptor
Burianosaurus,https://en.wikipedia.org/wiki/Burianosaurus
Buriolestes,https://en.wikipedia.org/wiki/Buriolestes
Byronosaurus,https://en.wikipedia.org/wiki/Byronosaurus
Caenagnathasia,https://en.wikipedia.org/wiki/Caenagnathasia
Caenagnathus,https://en.wikipedia.org/wiki/Caenagnathus
Caihong,https://en.wikipedia.org/wiki/Caihong
Calamosaurus,https://en.wikipedia.org/wiki/Calamosaurus
Calamospondylus,https://en.wikipedia.org/wiki/Calamospondylus
Callovosaurus,https://en.wikipedia.org/wiki/Callovosaurus
Camarasaurus,https://en.wikipedia.org/wiki/Camarasaurus
Camarillasaurus,https://en.wikipedia.org/wiki/Camarillasaurus
Camelotia,https://en.wikipedia.org/wiki/Camelotia
Camposaurus,https://en.wikipedia.org/wiki/Camposaurus
Camptosaurus,https://en.wikipedia.org/wiki/Camptosaurus
Campylodoniscus,https://en.wikipedia.org/wiki/Campylodoniscus
Canardia,https://en.wikipedia.org/wiki/Canardia
Carcharodontosaurus,https://en.wikipedia.org/wiki/Carcharodontosaurus
Cardiodon,https://en.wikipedia.org/wiki/Cardiodon
Carnotaurus,https://en.wikipedia.org/wiki/Carnotaurus
Caseosaurus,https://en.wikipedia.org/wiki/Caseosaurus
Cathartesaura,https://en.wikipedia.org/wiki/Cathartesaura
Caudipteryx,https://en.wikipedia.org/wiki/Caudipteryx
Cedarosaurus,https://en.wikipedia.org/wiki/Cedarosaurus
Cedarpelta,https://en.wikipedia.org/wiki/Cedarpelta
Cedrorestes,https://en.wikipedia.org/wiki/Cedrorestes
Centemodon,https://en.wikipedia.org/wiki/Centemodon
Centrosaurus,https://en.wikipedia.org/wiki/Centrosaurus
Cerasinops,https://en.wikipedia.org/wiki/Cerasinops
Ceratonykus,https://en.wikipedia.org/wiki/Ceratonykus
Ceratops,https://en.wikipedia.org/wiki/Ceratops
Ceratosaurus,https://en.wikipedia.org/wiki/Ceratosaurus
Ceratosuchops,https://en.wikipedia.org/wiki/Ceratosuchops
Cetiosauriscus,https://en.wikipedia.org/wiki/Cetiosauriscus
Cetiosaurus,https://en.wikipedia.org/wiki/Cetiosaurus
Changchunsaurus,https://en.wikipedia.org/wiki/Changchunsaurus
Changmiania,https://en.wikipedia.org/wiki/Changmiania
Changyuraptor,https://en.wikipedia.org/wiki/Changyuraptor
Chaoyangsaurus,https://en.wikipedia.org/wiki/Chaoyangsaurus
Charonosaurus,https://en.wikipedia.org/wiki/Charonosaurus
Chasmosaurus,https://en.wikipedia.org/wiki/Chasmosaurus
Chebsaurus,https://en.wikipedia.org/wiki/Chebsaurus
Chenanisaurus,https://en.wikipedia.org/wiki/Chenanisaurus
Chialingosaurus,https://en.wikipedia.org/wiki/Chialingosaurus
Chiayusaurus,https://en.wikipedia.org/wiki/Chiayusaurus
Chienkosaurus,https://en.wikipedia.org/wiki/Chienkosaurus
Chilantaisaurus,https://en.wikipedia.org/wiki/Chilantaisaurus
Chilesaurus,https://en.wikipedia.org/wiki/Chilesaurus
Chindesaurus,https://en.wikipedia.org/wiki/Chindesaurus
Chingkankousaurus,https://en.wikipedia.org/wiki/Chingkankousaurus
Chinshakiangosaurus,https://en.wikipedia.org/wiki/Chinshakiangosaurus
Chirostenotes,https://en.wikipedia.org/wiki/Chirostenotes
Choconsaurus,https://en.wikipedia.org/wiki/Choconsaurus
Chondrosteosaurus,https://en.wikipedia.org/wiki/Chondrosteosaurus
Choyrodon,https://en.wikipedia.org/wiki/Choyrodon
Chromogisaurus,https://en.wikipedia.org/wiki/Chromogisaurus
Chuandongocoelurus,https://en.wikipedia.org/wiki/Chuandongocoelurus
Chuanjiesaurus,https://en.wikipedia.org/wiki/Chuanjiesaurus
Chuanqilong,https://en.wikipedia.org/wiki/Chuanqilong
Chubutisaurus,https://en.wikipedia.org/wiki/Chubutisaurus
Chungkingosaurus,https://en.wikipedia.org/wiki/Chungkingosaurus
Chuxiongosaurus,https://en.wikipedia.org/wiki/Chuxiongosaurus
Cionodon,https://en.wikipedia.org/wiki/Cionodon
Citipati,https://en.wikipedia.org/wiki/Citipati
Citipes,https://en.wikipedia.org/wiki/Citipes
Claorhynchus,https://en.wikipedia.org/wiki/Claorhynchus
Claosaurus,https://en.wikipedia.org/wiki/Claosaurus
Clasmodosaurus,https://en.wikipedia.org/wiki/Clasmodosaurus
Clepsysaurus,https://en.wikipedia.org/wiki/Clepsysaurus
Coahuilaceratops,https://en.wikipedia.org/wiki/Coahuilaceratops
Coelophysis,https://en.wikipedia.org/wiki/Coelophysis
Coeluroides,https://en.wikipedia.org/wiki/Coeluroides
Coelurosauravus,https://en.wikipedia.org/wiki/Coelurosauravus
Coelurus,https://en.wikipedia.org/wiki/Coelurus
Colepiocephale,https://en.wikipedia.org/wiki/Colepiocephale
Coloradisaurus,https://en.wikipedia.org/wiki/Coloradisaurus
Comahuesaurus,https://en.wikipedia.org/wiki/Comahuesaurus
Compsognathus,https://en.wikipedia.org/wiki/Compsognathus
Compsosuchus,https://en.wikipedia.org/wiki/Compsosuchus
Concavenator,https://en.wikipedia.org/wiki/Concavenator
Conchoraptor,https://en.wikipedia.org/wiki/Conchoraptor
Condorraptor,https://en.wikipedia.org/wiki/Condorraptor
Convolosaurus,https://en.wikipedia.org/wiki/Convolosaurus
Coronosaurus,https://en.wikipedia.org/wiki/Coronosaurus
Corythoraptor,https://en.wikipedia.org/wiki/Corythoraptor
Corythosaurus,https://en.wikipedia.org/wiki/Corythosaurus
Craspedodon,https://en.wikipedia.org/wiki/Craspedodon
Craterosaurus,https://en.wikipedia.org/wiki/Craterosaurus
Crichtonpelta,https://en.wikipedia.org/wiki/Crichtonpelta
Crichtonsaurus,https://en.wikipedia.org/wiki/Crichtonsaurus
Cristatusaurus,https://en.wikipedia.org/wiki/Cristatusaurus
Crittendenceratops,https://en.wikipedia.org/wiki/Crittendenceratops
Crocodilia,https://en.wikipedia.org/wiki/Crocodilia
Crosbysaurus,https://en.wikipedia.org/wiki/Crosbysaurus
Crurotarsi,https://en.wikipedia.org/wiki/Crurotarsi
Cruxicheiros,https://en.wikipedia.org/wiki/Cruxicheiros
Cryolophosaurus,https://en.wikipedia.org/wiki/Cryolophosaurus
Cryptosaurus,https://en.wikipedia.org/wiki/Cryptosaurus
Cumnoria,https://en.wikipedia.org/wiki/Cumnoria
Daanosaurus,https://en.wikipedia.org/wiki/Daanosaurus
Dacentrurus,https://en.wikipedia.org/wiki/Dacentrurus
Daemonosaurus,https://en.wikipedia.org/wiki/Daemonosaurus
Dahalokely,https://en.wikipedia.org/wiki/Dahalokely
Dakosaurus,https://en.wikipedia.org/wiki/Dakosaurus
Dakotadon,https://en.wikipedia.org/wiki/Dakotadon
Dakotaraptor,https://en.wikipedia.org/wiki/Dakotaraptor
Daliansaurus,https://en.wikipedia.org/wiki/Daliansaurus
Dandakosaurus,https://en.wikipedia.org/wiki/Dandakosaurus
Dashanpusaurus,https://en.wikipedia.org/wiki/Dashanpusaurus
Daspletosaurus,https://en.wikipedia.org/wiki/Daspletosaurus
Dasygnathoides,https://en.wikipedia.org/wiki/Dasygnathoides
Datanglong,https://en.wikipedia.org/wiki/Datanglong
Datonglong,https://en.wikipedia.org/wiki/Datonglong
Datousaurus,https://en.wikipedia.org/wiki/Datousaurus
Daxiatitan,https://en.wikipedia.org/wiki/Daxiatitan
Deinocheirus,https://en.wikipedia.org/wiki/Deinocheirus
Deinodon,https://en.wikipedia.org/wiki/Deinodon
Deinonychus,https://en.wikipedia.org/wiki/Deinonychus
Deltadromeus,https://en.wikipedia.org/wiki/Deltadromeus
Demandasaurus,https://en.wikipedia.org/wiki/Demandasaurus
Denversaurus,https://en.wikipedia.org/wiki/Denversaurus
Deuterosaurus,https://en.wikipedia.org/wiki/Deuterosaurus
Diabloceratops,https://en.wikipedia.org/wiki/Diabloceratops
Diamantinasaurus,https://en.wikipedia.org/wiki/Diamantinasaurus
Dianchungosaurus,https://en.wikipedia.org/wiki/Dianchungosaurus
Diapsid,https://en.wikipedia.org/wiki/Diapsid
Diclonius,https://en.wikipedia.org/wiki/Diclonius
Dicraeosaurus,https://en.wikipedia.org/wiki/Dicraeosaurus
Dilong paradoxus,https://en.wikipedia.org/wiki/Dilong_paradoxus
Dilophosaurus,https://en.wikipedia.org/wiki/Dilophosaurus
Diluvicursor,https://en.wikipedia.org/wiki/Diluvicursor
Dimetrodon,https://en.wikipedia.org/wiki/Dimetrodon
Dineobellator,https://en.wikipedia.org/wiki/Dineobellator
Dinheirosaurus,https://en.wikipedia.org/wiki/Dinheirosaurus
Dinodocus,https://en.wikipedia.org/wiki/Dinodocus
Diplodocus,https://en.wikipedia.org/wiki/Diplodocus
Diplotomodon,https://en.wikipedia.org/wiki/Diplotomodon
Dolichosuchus,https://en.wikipedia.org/wiki/Dolichosuchus
Dongbeititan,https://en.wikipedia.org/wiki/Dongbeititan
Dongyangopelta,https://en.wikipedia.org/wiki/Dongyangopelta
Dongyangosaurus,https://en.wikipedia.org/wiki/Dongyangosaurus
Doratodon,https://en.wikipedia.org/wiki/Doratodon
Draconyx,https://en.wikipedia.org/wiki/Draconyx
Dracopelta,https://en.wikipedia.org/wiki/Dracopelta
Dracoraptor,https://en.wikipedia.org/wiki/Dracoraptor
Dracovenator,https://en.wikipedia.org/wiki/Dracovenator
Dravidosaurus,https://en.wikipedia.org/wiki/Dravidosaurus
Dreadnoughtus,https://en.wikipedia.org/wiki/Dreadnoughtus
Dromaeosauroides,https://en.wikipedia.org/wiki/Dromaeosauroides
Dromaeosaurus,https://en.wikipedia.org/wiki/Dromaeosaurus
Dromiceiomimus,https://en.wikipedia.org/wiki/Dromiceiomimus
Drusilasaura,https://en.wikipedia.org/wiki/Drusilasaura
Dryosaurus,https://en.wikipedia.org/wiki/Dryosaurus
Dryptosauroides,https://en.wikipedia.org/wiki/Dryptosauroides
Dryptosaurus,https://en.wikipedia.org/wiki/Dryptosaurus
Dubreuillosaurus,https://en.wikipedia.org/wiki/Dubreuillosaurus
Duriatitan,https://en.wikipedia.org/wiki/Duriatitan
Duriavenator,https://en.wikipedia.org/wiki/Duriavenator
Dynamoterror,https://en.wikipedia.org/wiki/Dynamoterror
Dyoplosaurus,https://en.wikipedia.org/wiki/Dyoplosaurus
Dysalotosaurus,https://en.wikipedia.org/wiki/Dysalotosaurus
Dysganus,https://en.wikipedia.org/wiki/Dysganus
Dyslocosaurus,https://en.wikipedia.org/wiki/Dyslocosaurus
Dystrophaeus,https://en.wikipedia.org/wiki/Dystrophaeus
Dzharaonyx,https://en.wikipedia.org/wiki/Dzharaonyx
Dzharatitanis,https://en.wikipedia.org/wiki/Dzharatitanis
Echinodon,https://en.wikipedia.org/wiki/Echinodon
Edmontonia,https://en.wikipedia.org/wiki/Edmontonia
Edmontosaurus,https://en.wikipedia.org/wiki/Edmontosaurus
Efraasia,https://en.wikipedia.org/wiki/Efraasia
Einiosaurus,https://en.wikipedia.org/wiki/Einiosaurus
Ekrixinatosaurus,https://en.wikipedia.org/wiki/Ekrixinatosaurus
Elachistosuchus,https://en.wikipedia.org/wiki/Elachistosuchus
Elaltitan,https://en.wikipedia.org/wiki/Elaltitan
Elaphrosaurus,https://en.wikipedia.org/wiki/Elaphrosaurus
Elemgasem,https://en.wikipedia.org/wiki/Elemgasem
Elmisaurus,https://en.wikipedia.org/wiki/Elmisaurus
Elopteryx,https://en.wikipedia.org/wiki/Elopteryx
Elrhazosaurus,https://en.wikipedia.org/wiki/Elrhazosaurus
Emausaurus,https://en.wikipedia.org/wiki/Emausaurus
Embasaurus,https://en.wikipedia.org/wiki/Embasaurus
Enigmosaurus,https://en.wikipedia.org/wiki/Enigmosaurus
Eoabelisaurus,https://en.wikipedia.org/wiki/Eoabelisaurus
Eocarcharia,https://en.wikipedia.org/wiki/Eocarcharia
Eocursor,https://en.wikipedia.org/wiki/Eocursor
Eodromaeus,https://en.wikipedia.org/wiki/Eodromaeus
Eolambia,https://en.wikipedia.org/wiki/Eolambia
Eomamenchisaurus,https://en.wikipedia.org/wiki/Eomamenchisaurus
Eoraptor,https://en.wikipedia.org/wiki/Eoraptor
Eosinopteryx,https://en.wikipedia.org/wiki/Eosinopteryx
Eotrachodon,https://en.wikipedia.org/wiki/Eotrachodon
Eotriceratops,https://en.wikipedia.org/wiki/Eotriceratops
Eotyrannus,https://en.wikipedia.org/wiki/Eotyrannus
Eousdryosaurus,https://en.wikipedia.org/wiki/Eousdryosaurus
Epachthosaurus,https://en.wikipedia.org/wiki/Epachthosaurus
Epanterias,https://en.wikipedia.org/wiki/Epanterias
Epichirostenotes,https://en.wikipedia.org/wiki/Epichirostenotes
Epidexipteryx,https://en.wikipedia.org/wiki/Epidexipteryx
Equijubus,https://en.wikipedia.org/wiki/Equijubus
Erectopus,https://en.wikipedia.org/wiki/Erectopus
Erketu,https://en.wikipedia.org/wiki/Erketu
Erliansaurus,https://en.wikipedia.org/wiki/Erliansaurus
Erlikosaurus,https://en.wikipedia.org/wiki/Erlikosaurus
Erythrovenator,https://en.wikipedia.org/wiki/Erythrovenator
Eshanosaurus,https://en.wikipedia.org/wiki/Eshanosaurus
Eucamerotus,https://en.wikipedia.org/wiki/Eucamerotus
Eucercosaurus,https://en.wikipedia.org/wiki/Eucercosaurus
Eucnemesaurus,https://en.wikipedia.org/wiki/Eucnemesaurus
Eucoelophysis,https://en.wikipedia.org/wiki/Eucoelophysis
Euhelopus,https://en.wikipedia.org/wiki/Euhelopus
Euoplocephalus,https://en.wikipedia.org/wiki/Euoplocephalus
Eurolimnornis,https://en.wikipedia.org/wiki/Eurolimnornis
Euronychodon,https://en.wikipedia.org/wiki/Euronychodon
Europasaurus,https://en.wikipedia.org/wiki/Europasaurus
Europatitan,https://en.wikipedia.org/wiki/Europatitan
Europelta,https://en.wikipedia.org/wiki/Europelta
Euskelosaurus,https://en.wikipedia.org/wiki/Euskelosaurus
Eustreptospondylus,https://en.wikipedia.org/wiki/Eustreptospondylus
Fabrosaurus,https://en.wikipedia.org/wiki/Fabrosaurus
Falcarius,https://en.wikipedia.org/wiki/Falcarius
Ferganasaurus,https://en.wikipedia.org/wiki/Ferganasaurus
Ferganocephale,https://en.wikipedia.org/wiki/Ferganocephale
Ferrisaurus,https://en.wikipedia.org/wiki/Ferrisaurus
Foraminacephale,https://en.wikipedia.org/wiki/Foraminacephale
Fosterovenator,https://en.wikipedia.org/wiki/Fosterovenator
Fostoria dhimbangunmal,https://en.wikipedia.org/wiki/Fostoria_dhimbangunmal
Fruitadens,https://en.wikipedia.org/wiki/Fruitadens
Fukuiraptor,https://en.wikipedia.org/wiki/Fukuiraptor
Fukuisaurus,https://en.wikipedia.org/wiki/Fukuisaurus
Fukuititan,https://en.wikipedia.org/wiki/Fukuititan
Fukuivenator,https://en.wikipedia.org/wiki/Fukuivenator
Fulengia,https://en.wikipedia.org/wiki/Fulengia
Fulgurotherium,https://en.wikipedia.org/wiki/Fulgurotherium
Fushanosaurus,https://en.wikipedia.org/wiki/Fushanosaurus
Fusuisaurus,https://en.wikipedia.org/wiki/Fusuisaurus
Futabasaurus,https://en.wikipedia.org/wiki/Futabasaurus
Futalognkosaurus,https://en.wikipedia.org/wiki/Futalognkosaurus
Fylax,https://en.wikipedia.org/wiki/Fylax
Galeamopus,https://en.wikipedia.org/wiki/Galeamopus
Galesaurus,https://en.wikipedia.org/wiki/Galesaurus
Galleonosaurus,https://en.wikipedia.org/wiki/Galleonosaurus
Gallimimus,https://en.wikipedia.org/wiki/Gallimimus
Galvesaurus,https://en.wikipedia.org/wiki/Galvesaurus
Gannansaurus,https://en.wikipedia.org/wiki/Gannansaurus
Ganzhousaurus,https://en.wikipedia.org/wiki/Ganzhousaurus
Gargoyleosaurus,https://en.wikipedia.org/wiki/Gargoyleosaurus
Garrigatitan,https://en.wikipedia.org/wiki/Garrigatitan
Garudimimus,https://en.wikipedia.org/wiki/Garudimimus
Gasosaurus,https://en.wikipedia.org/wiki/Gasosaurus
Gasparinisaura,https://en.wikipedia.org/wiki/Gasparinisaura
Gastonia (dinosaur),https://en.wikipedia.org/wiki/Gastonia_(dinosaur)
Geminiraptor,https://en.wikipedia.org/wiki/Geminiraptor
Genusaurus,https://en.wikipedia.org/wiki/Genusaurus
Genyodectes,https://en.wikipedia.org/wiki/Genyodectes
Geosaurus,https://en.wikipedia.org/wiki/Geosaurus
Geranosaurus,https://en.wikipedia.org/wiki/Geranosaurus
Gideonmantellia,https://en.wikipedia.org/wiki/Gideonmantellia
Giganotosaurus,https://en.wikipedia.org/wiki/Giganotosaurus
Gigantoraptor,https://en.wikipedia.org/wiki/Gigantoraptor
Gigantosaurus,https://en.wikipedia.org/wiki/Gigantosaurus
Gigantoscelus,https://en.wikipedia.org/wiki/Gigantoscelus
Gigantspinosaurus,https://en.wikipedia.org/wiki/Gigantspinosaurus
Gilmoreosaurus,https://en.wikipedia.org/wiki/Gilmoreosaurus
Giraffatitan,https://en.wikipedia.org/wiki/Giraffatitan
Glacialisaurus,https://en.wikipedia.org/wiki/Glacialisaurus
Glishades,https://en.wikipedia.org/wiki/Glishades
Glyptodontopelta,https://en.wikipedia.org/wiki/Glyptodontopelta
Gnathovorax,https://en.wikipedia.org/wiki/Gnathovorax
Gobihadros,https://en.wikipedia.org/wiki/Gobihadros
Gobiraptor,https://en.wikipedia.org/wiki/Gobiraptor
Gobisaurus,https://en.wikipedia.org/wiki/Gobisaurus
Gobititan,https://en.wikipedia.org/wiki/Gobititan
Gobivenator,https://en.wikipedia.org/wiki/Gobivenator
Gojirasaurus,https://en.wikipedia.org/wiki/Gojirasaurus
Gondwanatitan,https://en.wikipedia.org/wiki/Gondwanatitan
Gongbusaurus,https://en.wikipedia.org/wiki/Gongbusaurus
Gongpoquansaurus,https://en.wikipedia.org/wiki/Gongpoquansaurus
Gongxianosaurus,https://en.wikipedia.org/wiki/Gongxianosaurus
Gorgosaurus,https://en.wikipedia.org/wiki/Gorgosaurus
Goyocephale,https://en.wikipedia.org/wiki/Goyocephale
Graciliceratops,https://en.wikipedia.org/wiki/Graciliceratops
Graciliraptor,https://en.wikipedia.org/wiki/Graciliraptor
Gracilisuchus,https://en.wikipedia.org/wiki/Gracilisuchus
Gravitholus,https://en.wikipedia.org/wiki/Gravitholus
Gresslyosaurus,https://en.wikipedia.org/wiki/Gresslyosaurus
Gryphoceratops,https://en.wikipedia.org/wiki/Gryphoceratops
Gryponyx,https://en.wikipedia.org/wiki/Gryponyx
Gryposaurus,https://en.wikipedia.org/wiki/Gryposaurus
Guaibasaurus,https://en.wikipedia.org/wiki/Guaibasaurus
Gualicho,https://en.wikipedia.org/wiki/Gualicho
Guanlong,https://en.wikipedia.org/wiki/Guanlong
Guemesia,https://en.wikipedia.org/wiki/Guemesia
Gwyneddosaurus,https://en.wikipedia.org/wiki/Gwyneddosaurus
Gyposaurus,https://en.wikipedia.org/wiki/Gyposaurus
Hadrosaurus,https://en.wikipedia.org/wiki/Hadrosaurus
Haestasaurus,https://en.wikipedia.org/wiki/Haestasaurus
Hagryphus,https://en.wikipedia.org/wiki/Hagryphus
Hallopus,https://en.wikipedia.org/wiki/Hallopus
Halszkaraptor,https://en.wikipedia.org/wiki/Halszkaraptor
Halticosaurus,https://en.wikipedia.org/wiki/Halticosaurus
Hamititan,https://en.wikipedia.org/wiki/Hamititan
Hanssuesia,https://en.wikipedia.org/wiki/Hanssuesia
Haplocanthosaurus,https://en.wikipedia.org/wiki/Haplocanthosaurus
Haplocheirus,https://en.wikipedia.org/wiki/Haplocheirus
Harpymimus,https://en.wikipedia.org/wiki/Harpymimus
Haya griva,https://en.wikipedia.org/wiki/Haya_griva
Heishansaurus,https://en.wikipedia.org/wiki/Heishansaurus
Helioceratops,https://en.wikipedia.org/wiki/Helioceratops
Heptasteornis,https://en.wikipedia.org/wiki/Heptasteornis
Herbstosaurus,https://en.wikipedia.org/wiki/Herbstosaurus
Herrerasaurus,https://en.wikipedia.org/wiki/Herrerasaurus
Hesperonychus,https://en.wikipedia.org/wiki/Hesperonychus
Hesperornithoides,https://en.wikipedia.org/wiki/Hesperornithoides
Hesperosaurus,https://en.wikipedia.org/wiki/Hesperosaurus
Heterodontosaurus,https://en.wikipedia.org/wiki/Heterodontosaurus
Hexing,https://en.wikipedia.org/wiki/Hexing
Hexinlusaurus,https://en.wikipedia.org/wiki/Hexinlusaurus
Heyuannia,https://en.wikipedia.org/wiki/Heyuannia
Hierosaurus,https://en.wikipedia.org/wiki/Hierosaurus
Hippodraco,https://en.wikipedia.org/wiki/Hippodraco
Histriasaurus,https://en.wikipedia.org/wiki/Histriasaurus
Homalocephale,https://en.wikipedia.org/wiki/Homalocephale
Honghesaurus,https://en.wikipedia.org/wiki/Honghesaurus
Hoplitosaurus,https://en.wikipedia.org/wiki/Hoplitosaurus
Horshamosaurus,https://en.wikipedia.org/wiki/Horshamosaurus
Hortalotarsus,https://en.wikipedia.org/wiki/Hortalotarsus
Huabeisaurus,https://en.wikipedia.org/wiki/Huabeisaurus
Hualianceratops,https://en.wikipedia.org/wiki/Hualianceratops
Huallasaurus,https://en.wikipedia.org/wiki/Huallasaurus
Huanansaurus,https://en.wikipedia.org/wiki/Huanansaurus
Huanghetitan,https://en.wikipedia.org/wiki/Huanghetitan
Huangshanlong,https://en.wikipedia.org/wiki/Huangshanlong
Huaxiagnathus,https://en.wikipedia.org/wiki/Huaxiagnathus
Huayangosaurus,https://en.wikipedia.org/wiki/Huayangosaurus
Hudiesaurus,https://en.wikipedia.org/wiki/Hudiesaurus
Huehuecanauhtlus,https://en.wikipedia.org/wiki/Huehuecanauhtlus
Huinculsaurus,https://en.wikipedia.org/wiki/Huinculsaurus
Hulsanpes,https://en.wikipedia.org/wiki/Hulsanpes
Hungarosaurus,https://en.wikipedia.org/wiki/Hungarosaurus
Hylaeosaurus,https://en.wikipedia.org/wiki/Hylaeosaurus
Hypacrosaurus,https://en.wikipedia.org/wiki/Hypacrosaurus
Hyperodapedon,https://en.wikipedia.org/wiki/Hyperodapedon
Hypselorhachis,https://en.wikipedia.org/wiki/Hypselorhachis
Hypselosaurus,https://en.wikipedia.org/wiki/Hypselosaurus
Hypselospinus,https://en.wikipedia.org/wiki/Hypselospinus
Hypsibema,https://en.wikipedia.org/wiki/Hypsibema
Hypsibema missouriensis,https://en.wikipedia.org/wiki/Hypsibema_missouriensis
Hypsilophodon,https://en.wikipedia.org/wiki/Hypsilophodon
Hypsirhophus,https://en.wikipedia.org/wiki/Hypsirhophus
Iberospinus,https://en.wikipedia.org/wiki/Iberospinus
Ichthyosaur,https://en.wikipedia.org/wiki/Ichthyosaur
Ichthyovenator,https://en.wikipedia.org/wiki/Ichthyovenator
Ignavusaurus,https://en.wikipedia.org/wiki/Ignavusaurus
Ignotosaurus,https://en.wikipedia.org/wiki/Ignotosaurus
Iguanacolossus,https://en.wikipedia.org/wiki/Iguanacolossus
Iguanodon,https://en.wikipedia.org/wiki/Iguanodon
Iliosuchus,https://en.wikipedia.org/wiki/Iliosuchus
Ilokelesia,https://en.wikipedia.org/wiki/Ilokelesia
Imperobator,https://en.wikipedia.org/wiki/Imperobator
Incisivosaurus,https://en.wikipedia.org/wiki/Incisivosaurus
Indosaurus,https://en.wikipedia.org/wiki/Indosaurus
Indosuchus,https://en.wikipedia.org/wiki/Indosuchus
Ingentia,https://en.wikipedia.org/wiki/Ingentia
Inosaurus,https://en.wikipedia.org/wiki/Inosaurus
Invictarx,https://en.wikipedia.org/wiki/Invictarx
Irisosaurus,https://en.wikipedia.org/wiki/Irisosaurus
Irritator,https://en.wikipedia.org/wiki/Irritator
Isaberrysaura,https://en.wikipedia.org/wiki/Isaberrysaura
Isanosaurus,https://en.wikipedia.org/wiki/Isanosaurus
Isasicursor,https://en.wikipedia.org/wiki/Isasicursor
Ischioceratops,https://en.wikipedia.org/wiki/Ischioceratops
Isisaurus,https://en.wikipedia.org/wiki/Isisaurus
Issi,https://en.wikipedia.org/wiki/Issi
Itapeuasaurus,https://en.wikipedia.org/wiki/Itapeuasaurus
Itemirus,https://en.wikipedia.org/wiki/Itemirus
Iuticosaurus,https://en.wikipedia.org/wiki/Iuticosaurus
Iyuku,https://en.wikipedia.org/wiki/Iyuku
Jainosaurus,https://en.wikipedia.org/wiki/Jainosaurus
Jakapil,https://en.wikipedia.org/wiki/Jakapil
Jaklapallisaurus,https://en.wikipedia.org/wiki/Jaklapallisaurus
Janenschia,https://en.wikipedia.org/wiki/Janenschia
Jaxartosaurus,https://en.wikipedia.org/wiki/Jaxartosaurus
Jeholosaurus,https://en.wikipedia.org/wiki/Jeholosaurus
Jeyawati,https://en.wikipedia.org/wiki/Jeyawati
Jianchangosaurus,https://en.wikipedia.org/wiki/Jianchangosaurus
Jiangjunosaurus,https://en.wikipedia.org/wiki/Jiangjunosaurus
Jiangshanosaurus,https://en.wikipedia.org/wiki/Jiangshanosaurus
Jiangxisaurus,https://en.wikipedia.org/wiki/Jiangxisaurus
Jianianhualong,https://en.wikipedia.org/wiki/Jianianhualong
Jinbeisaurus,https://en.wikipedia.org/wiki/Jinbeisaurus
Jinfengopteryx,https://en.wikipedia.org/wiki/Jinfengopteryx
Jingshanosaurus,https://en.wikipedia.org/wiki/Jingshanosaurus
Jintasaurus,https://en.wikipedia.org/wiki/Jintasaurus
Jinyunpelta,https://en.wikipedia.org/wiki/Jinyunpelta
Jinzhousaurus,https://en.wikipedia.org/wiki/Jinzhousaurus
Jiutaisaurus,https://en.wikipedia.org/wiki/Jiutaisaurus
Jobaria,https://en.wikipedia.org/wiki/Jobaria
Jubbulpuria,https://en.wikipedia.org/wiki/Jubbulpuria
Judiceratops,https://en.wikipedia.org/wiki/Judiceratops
Juratyrant,https://en.wikipedia.org/wiki/Juratyrant
Juravenator,https://en.wikipedia.org/wiki/Juravenator
Kaatedocus,https://en.wikipedia.org/wiki/Kaatedocus
Kaijiangosaurus,https://en.wikipedia.org/wiki/Kaijiangosaurus
Kaijutitan,https://en.wikipedia.org/wiki/Kaijutitan
Kakuru,https://en.wikipedia.org/wiki/Kakuru
Kamuysaurus,https://en.wikipedia.org/wiki/Kamuysaurus
Kangnasaurus,https://en.wikipedia.org/wiki/Kangnasaurus
Kansaignathus,https://en.wikipedia.org/wiki/Kansaignathus
Karongasaurus,https://en.wikipedia.org/wiki/Karongasaurus
Katepensaurus,https://en.wikipedia.org/wiki/Katepensaurus
Kayentavenator,https://en.wikipedia.org/wiki/Kayentavenator
Kazaklambia,https://en.wikipedia.org/wiki/Kazaklambia
Kelmayisaurus,https://en.wikipedia.org/wiki/Kelmayisaurus
Kelumapusaura,https://en.wikipedia.org/wiki/Kelumapusaura
Kemkemia,https://en.wikipedia.org/wiki/Kemkemia
Kentrosaurus,https://en.wikipedia.org/wiki/Kentrosaurus
Kerberosaurus,https://en.wikipedia.org/wiki/Kerberosaurus
Khaan,https://en.wikipedia.org/wiki/Khaan
Kholumolumo,https://en.wikipedia.org/wiki/Kholumolumo
Khulsanurus,https://en.wikipedia.org/wiki/Khulsanurus
Kileskus,https://en.wikipedia.org/wiki/Kileskus
Kinnareemimus,https://en.wikipedia.org/wiki/Kinnareemimus
Klamelisaurus,https://en.wikipedia.org/wiki/Klamelisaurus
Kol ghuva,https://en.wikipedia.org/wiki/Kol_ghuva
Koparion,https://en.wikipedia.org/wiki/Koparion
Koreaceratops,https://en.wikipedia.org/wiki/Koreaceratops
Koreanosaurus,https://en.wikipedia.org/wiki/Koreanosaurus
Koshisaurus,https://en.wikipedia.org/wiki/Koshisaurus
Kosmoceratops,https://en.wikipedia.org/wiki/Kosmoceratops
Kotasaurus,https://en.wikipedia.org/wiki/Kotasaurus
Koutalisaurus,https://en.wikipedia.org/wiki/Koutalisaurus
Kritosaurus,https://en.wikipedia.org/wiki/Kritosaurus
Kryptops,https://en.wikipedia.org/wiki/Kryptops
Krzyzanowskisaurus,https://en.wikipedia.org/wiki/Krzyzanowskisaurus
Kulceratops,https://en.wikipedia.org/wiki/Kulceratops
Kulindadromeus,https://en.wikipedia.org/wiki/Kulindadromeus
Kunbarrasaurus,https://en.wikipedia.org/wiki/Kunbarrasaurus
Kundurosaurus,https://en.wikipedia.org/wiki/Kundurosaurus
Kuru kulla,https://en.wikipedia.org/wiki/Kuru_kulla
Kurupi itaata,https://en.wikipedia.org/wiki/Kurupi_itaata
Kuszholia,https://en.wikipedia.org/wiki/Kuszholia
Kwanasaurus,https://en.wikipedia.org/wiki/Kwanasaurus
Labocania,https://en.wikipedia.org/wiki/Labocania
Laevisuchus,https://en.wikipedia.org/wiki/Laevisuchus
Lagerpeton,https://en.wikipedia.org/wiki/Lagerpeton
Lagosuchus,https://en.wikipedia.org/wiki/Lagosuchus
Laiyangosaurus,https://en.wikipedia.org/wiki/Laiyangosaurus
Lajasvenator,https://en.wikipedia.org/wiki/Lajasvenator
Lambeosaurus,https://en.wikipedia.org/wiki/Lambeosaurus
Lametasaurus,https://en.wikipedia.org/wiki/Lametasaurus
Lamplughsaura,https://en.wikipedia.org/wiki/Lamplughsaura
Lanzhousaurus,https://en.wikipedia.org/wiki/Lanzhousaurus
Laosaurus,https://en.wikipedia.org/wiki/Laosaurus
Lapampasaurus,https://en.wikipedia.org/wiki/Lapampasaurus
Laplatasaurus,https://en.wikipedia.org/wiki/Laplatasaurus
Lapparentosaurus,https://en.wikipedia.org/wiki/Lapparentosaurus
Laquintasaura,https://en.wikipedia.org/wiki/Laquintasaura
Lariosaurus,https://en.wikipedia.org/wiki/Lariosaurus
Latenivenatrix,https://en.wikipedia.org/wiki/Latenivenatrix
Latirhinus,https://en.wikipedia.org/wiki/Latirhinus
Lavocatisaurus,https://en.wikipedia.org/wiki/Lavocatisaurus
Leaellynasaura,https://en.wikipedia.org/wiki/Leaellynasaura
Ledumahadi,https://en.wikipedia.org/wiki/Ledumahadi
Leinkupal,https://en.wikipedia.org/wiki/Leinkupal
Leonerasaurus,https://en.wikipedia.org/wiki/Leonerasaurus
Lepidus praecisio,https://en.wikipedia.org/wiki/Lepidus_praecisio
Leptoceratops,https://en.wikipedia.org/wiki/Leptoceratops
Leshansaurus,https://en.wikipedia.org/wiki/Leshansaurus
Lesothosaurus,https://en.wikipedia.org/wiki/Lesothosaurus
Lessemsaurus,https://en.wikipedia.org/wiki/Lessemsaurus
Levnesovia,https://en.wikipedia.org/wiki/Levnesovia
Lewisuchus,https://en.wikipedia.org/wiki/Lewisuchus
Lexovisaurus,https://en.wikipedia.org/wiki/Lexovisaurus
Leyesaurus,https://en.wikipedia.org/wiki/Leyesaurus
Liaoceratops,https://en.wikipedia.org/wiki/Liaoceratops
Liaoningosaurus,https://en.wikipedia.org/wiki/Liaoningosaurus
Liaoningotitan,https://en.wikipedia.org/wiki/Liaoningotitan
Liaoningvenator,https://en.wikipedia.org/wiki/Liaoningvenator
Libycosaurus,https://en.wikipedia.org/wiki/Libycosaurus
Ligabueino,https://en.wikipedia.org/wiki/Ligabueino
Ligabuesaurus,https://en.wikipedia.org/wiki/Ligabuesaurus
Liliensternus,https://en.wikipedia.org/wiki/Liliensternus
Limaysaurus,https://en.wikipedia.org/wiki/Limaysaurus
Limusaurus,https://en.wikipedia.org/wiki/Limusaurus
Lingwulong,https://en.wikipedia.org/wiki/Lingwulong
Lingyuanosaurus,https://en.wikipedia.org/wiki/Lingyuanosaurus
Linhenykus,https://en.wikipedia.org/wiki/Linhenykus
Linheraptor,https://en.wikipedia.org/wiki/Linheraptor
Linhevenator,https://en.wikipedia.org/wiki/Linhevenator
Lirainosaurus,https://en.wikipedia.org/wiki/Lirainosaurus
Lisboasaurus,https://en.wikipedia.org/wiki/Lisboasaurus
Liubangosaurus,https://en.wikipedia.org/wiki/Liubangosaurus
Llukalkan,https://en.wikipedia.org/wiki/Llukalkan
Lohuecotitan,https://en.wikipedia.org/wiki/Lohuecotitan
Loncosaurus,https://en.wikipedia.org/wiki/Loncosaurus
Longisquama,https://en.wikipedia.org/wiki/Longisquama
Lophorhothon,https://en.wikipedia.org/wiki/Lophorhothon
Lophostropheus,https://en.wikipedia.org/wiki/Lophostropheus
Lophotrochozoa,https://en.wikipedia.org/wiki/Lophotrochozoa
Loricatosaurus,https://en.wikipedia.org/wiki/Loricatosaurus
Loricosaurus,https://en.wikipedia.org/wiki/Loricosaurus
Losillasaurus,https://en.wikipedia.org/wiki/Losillasaurus
Lourinhanosaurus,https://en.wikipedia.org/wiki/Lourinhanosaurus
Lourinhasaurus,https://en.wikipedia.org/wiki/Lourinhasaurus
Luanchuanraptor,https://en.wikipedia.org/wiki/Luanchuanraptor
Lucianosaurus,https://en.wikipedia.org/wiki/Lucianosaurus
Lucianovenator,https://en.wikipedia.org/wiki/Lucianovenator
Lufengosaurus,https://en.wikipedia.org/wiki/Lufengosaurus
Lukousaurus,https://en.wikipedia.org/wiki/Lukousaurus
Luoyanggia,https://en.wikipedia.org/wiki/Luoyanggia
Lurdusaurus,https://en.wikipedia.org/wiki/Lurdusaurus
Lusitanosaurus,https://en.wikipedia.org/wiki/Lusitanosaurus
Lusotitan,https://en.wikipedia.org/wiki/Lusotitan
Lusovenator,https://en.wikipedia.org/wiki/Lusovenator
Lutungutali,https://en.wikipedia.org/wiki/Lutungutali
Lycorhinus,https://en.wikipedia.org/wiki/Lycorhinus
Lythronax,https://en.wikipedia.org/wiki/Lythronax
Macelognathus,https://en.wikipedia.org/wiki/Macelognathus
Machairasaurus,https://en.wikipedia.org/wiki/Machairasaurus
Machairoceratops,https://en.wikipedia.org/wiki/Machairoceratops
Machimosaurus,https://en.wikipedia.org/wiki/Machimosaurus
Macrocollum,https://en.wikipedia.org/wiki/Macrocollum
Macrodontophion,https://en.wikipedia.org/wiki/Macrodontophion
Macrogryphosaurus,https://en.wikipedia.org/wiki/Macrogryphosaurus
Macrurosaurus,https://en.wikipedia.org/wiki/Macrurosaurus
Magnamanus,https://en.wikipedia.org/wiki/Magnamanus
Magnapaulia,https://en.wikipedia.org/wiki/Magnapaulia
Magnosaurus,https://en.wikipedia.org/wiki/Magnosaurus
Magyarosaurus,https://en.wikipedia.org/wiki/Magyarosaurus
Mahakala omnogovae,https://en.wikipedia.org/wiki/Mahakala_omnogovae
Mahuidacursor,https://en.wikipedia.org/wiki/Mahuidacursor
Maiasaura,https://en.wikipedia.org/wiki/Maiasaura
Maip,https://en.wikipedia.org/wiki/Maip
Majungasaurus,https://en.wikipedia.org/wiki/Majungasaurus
Malarguesaurus,https://en.wikipedia.org/wiki/Malarguesaurus
Malawisaurus,https://en.wikipedia.org/wiki/Malawisaurus
Maleevus,https://en.wikipedia.org/wiki/Maleevus
Mamenchisaurus,https://en.wikipedia.org/wiki/Mamenchisaurus
Mandschurosaurus,https://en.wikipedia.org/wiki/Mandschurosaurus
Manidens,https://en.wikipedia.org/wiki/Manidens
Mansourasaurus,https://en.wikipedia.org/wiki/Mansourasaurus
Mantellisaurus,https://en.wikipedia.org/wiki/Mantellisaurus
Mapusaurus,https://en.wikipedia.org/wiki/Mapusaurus
Maraapunisaurus,https://en.wikipedia.org/wiki/Maraapunisaurus
Marasuchus,https://en.wikipedia.org/wiki/Marasuchus
Marmarospondylus,https://en.wikipedia.org/wiki/Marmarospondylus
Marshosaurus,https://en.wikipedia.org/wiki/Marshosaurus
Martharaptor,https://en.wikipedia.org/wiki/Martharaptor
Masiakasaurus,https://en.wikipedia.org/wiki/Masiakasaurus
Massospondylus,https://en.wikipedia.org/wiki/Massospondylus
Matheronodon,https://en.wikipedia.org/wiki/Matheronodon
Maxakalisaurus,https://en.wikipedia.org/wiki/Maxakalisaurus
Mbiresaurus,https://en.wikipedia.org/wiki/Mbiresaurus
Medusaceratops,https://en.wikipedia.org/wiki/Medusaceratops
Megalosaurus,https://en.wikipedia.org/wiki/Megalosaurus
Megapnosaurus,https://en.wikipedia.org/wiki/Megapnosaurus
Megaraptor,https://en.wikipedia.org/wiki/Megaraptor
Melanorosaurus,https://en.wikipedia.org/wiki/Melanorosaurus
Mendozasaurus,https://en.wikipedia.org/wiki/Mendozasaurus
Menefeeceratops,https://en.wikipedia.org/wiki/Menefeeceratops
Menucocelsior,https://en.wikipedia.org/wiki/Menucocelsior
Mercuriceratops,https://en.wikipedia.org/wiki/Mercuriceratops
Meroktenos,https://en.wikipedia.org/wiki/Meroktenos
Metriacanthosaurus,https://en.wikipedia.org/wiki/Metriacanthosaurus
Microceratus,https://en.wikipedia.org/wiki/Microceratus
Microcoelus,https://en.wikipedia.org/wiki/Microcoelus
Microhadrosaurus,https://en.wikipedia.org/wiki/Microhadrosaurus
Micropachycephalosaurus,https://en.wikipedia.org/wiki/Micropachycephalosaurus
Microraptor,https://en.wikipedia.org/wiki/Microraptor
Microvenator,https://en.wikipedia.org/wiki/Microvenator
Mierasaurus,https://en.wikipedia.org/wiki/Mierasaurus
Minmi paravertebra,https://en.wikipedia.org/wiki/Minmi_paravertebra
Minotaurasaurus,https://en.wikipedia.org/wiki/Minotaurasaurus
Miragaia longicollum,https://en.wikipedia.org/wiki/Miragaia_longicollum
Mirischia,https://en.wikipedia.org/wiki/Mirischia
Mnyamawamtuka,https://en.wikipedia.org/wiki/Mnyamawamtuka
Moabosaurus,https://en.wikipedia.org/wiki/Moabosaurus
Mochlodon,https://en.wikipedia.org/wiki/Mochlodon
Mongolosaurus,https://en.wikipedia.org/wiki/Mongolosaurus
Mongolostegus,https://en.wikipedia.org/wiki/Mongolostegus
Monkonosaurus,https://en.wikipedia.org/wiki/Monkonosaurus
Monoclonius,https://en.wikipedia.org/wiki/Monoclonius
Monolophosaurus,https://en.wikipedia.org/wiki/Monolophosaurus
Mononykus,https://en.wikipedia.org/wiki/Mononykus
Montanoceratops,https://en.wikipedia.org/wiki/Montanoceratops
Morelladon,https://en.wikipedia.org/wiki/Morelladon
Morinosaurus,https://en.wikipedia.org/wiki/Morinosaurus
Moros intrepidus,https://en.wikipedia.org/wiki/Moros_intrepidus
Morrosaurus,https://en.wikipedia.org/wiki/Morrosaurus
Mosaiceratops,https://en.wikipedia.org/wiki/Mosaiceratops
Mosasaur,https://en.wikipedia.org/wiki/Mosasaur
Murusraptor,https://en.wikipedia.org/wiki/Murusraptor
Mussaurus,https://en.wikipedia.org/wiki/Mussaurus
Muttaburrasaurus,https://en.wikipedia.org/wiki/Muttaburrasaurus
Muyelensaurus,https://en.wikipedia.org/wiki/Muyelensaurus
Mymoorapelta,https://en.wikipedia.org/wiki/Mymoorapelta
Naashoibitosaurus,https://en.wikipedia.org/wiki/Naashoibitosaurus
Nambalia,https://en.wikipedia.org/wiki/Nambalia
Nankangia,https://en.wikipedia.org/wiki/Nankangia
Nanningosaurus,https://en.wikipedia.org/wiki/Nanningosaurus
Nanosaurus,https://en.wikipedia.org/wiki/Nanosaurus
Nanshiungosaurus,https://en.wikipedia.org/wiki/Nanshiungosaurus
Nanuqsaurus,https://en.wikipedia.org/wiki/Nanuqsaurus
Nanyangosaurus,https://en.wikipedia.org/wiki/Nanyangosaurus
Napaisaurus,https://en.wikipedia.org/wiki/Napaisaurus
Narambuenatitan,https://en.wikipedia.org/wiki/Narambuenatitan
Narindasaurus,https://en.wikipedia.org/wiki/Narindasaurus
Nasutoceratops,https://en.wikipedia.org/wiki/Nasutoceratops
Navajoceratops,https://en.wikipedia.org/wiki/Navajoceratops
Nebulasaurus,https://en.wikipedia.org/wiki/Nebulasaurus
Nedcolbertia,https://en.wikipedia.org/wiki/Nedcolbertia
Nedoceratops,https://en.wikipedia.org/wiki/Nedoceratops
Neimongosaurus,https://en.wikipedia.org/wiki/Neimongosaurus
Nemegtomaia,https://en.wikipedia.org/wiki/Nemegtomaia
Nemegtonykus,https://en.wikipedia.org/wiki/Nemegtonykus
Nemegtosaurus,https://en.wikipedia.org/wiki/Nemegtosaurus
Neosodon,https://en.wikipedia.org/wiki/Neosodon
Neovenator,https://en.wikipedia.org/wiki/Neovenator
Neuquenraptor,https://en.wikipedia.org/wiki/Neuquenraptor
Neuquensaurus,https://en.wikipedia.org/wiki/Neuquensaurus
Ngwevu,https://en.wikipedia.org/wiki/Ngwevu
Nhandumirim,https://en.wikipedia.org/wiki/Nhandumirim
Niebla antiqua,https://en.wikipedia.org/wiki/Niebla_antiqua
Nigersaurus,https://en.wikipedia.org/wiki/Nigersaurus
Ningyuansaurus,https://en.wikipedia.org/wiki/Ningyuansaurus
Ninjatitan,https://en.wikipedia.org/wiki/Ninjatitan
Niobrarasaurus,https://en.wikipedia.org/wiki/Niobrarasaurus
Nipponosaurus,https://en.wikipedia.org/wiki/Nipponosaurus
Noasaurus,https://en.wikipedia.org/wiki/Noasaurus
Nodocephalosaurus,https://en.wikipedia.org/wiki/Nodocephalosaurus
Nodosaurus,https://en.wikipedia.org/wiki/Nodosaurus
Nomingia,https://en.wikipedia.org/wiki/Nomingia
Nopcsaspondylus,https://en.wikipedia.org/wiki/Nopcsaspondylus
Normanniasaurus,https://en.wikipedia.org/wiki/Normanniasaurus
Notatesseraeraptor,https://en.wikipedia.org/wiki/Notatesseraeraptor
Nothosaur,https://en.wikipedia.org/wiki/Nothosaur
Nothronychus,https://en.wikipedia.org/wiki/Nothronychus
Notoceratops,https://en.wikipedia.org/wiki/Notoceratops
Notocolossus,https://en.wikipedia.org/wiki/Notocolossus
Notohypsilophodon,https://en.wikipedia.org/wiki/Notohypsilophodon
Nqwebasaurus,https://en.wikipedia.org/wiki/Nqwebasaurus
Nullotitan,https://en.wikipedia.org/wiki/Nullotitan
Nuthetes,https://en.wikipedia.org/wiki/Nuthetes
Nyasasaurus,https://en.wikipedia.org/wiki/Nyasasaurus
Oceanotitan,https://en.wikipedia.org/wiki/Oceanotitan
Ohmdenosaurus,https://en.wikipedia.org/wiki/Ohmdenosaurus
Ojoceratops,https://en.wikipedia.org/wiki/Ojoceratops
Ojoraptorsaurus,https://en.wikipedia.org/wiki/Ojoraptorsaurus
Oksoko avarsan,https://en.wikipedia.org/wiki/Oksoko_avarsan
Oligosaurus,https://en.wikipedia.org/wiki/Oligosaurus
Olorotitan,https://en.wikipedia.org/wiki/Olorotitan
Omeisaurus,https://en.wikipedia.org/wiki/Omeisaurus
Ondogurvel,https://en.wikipedia.org/wiki/Ondogurvel
Oohkotokia,https://en.wikipedia.org/wiki/Oohkotokia
Opisthocoelicaudia,https://en.wikipedia.org/wiki/Opisthocoelicaudia
Oplosaurus,https://en.wikipedia.org/wiki/Oplosaurus
Orkoraptor,https://en.wikipedia.org/wiki/Orkoraptor
Ornatops,https://en.wikipedia.org/wiki/Ornatops
Ornithodesmus,https://en.wikipedia.org/wiki/Ornithodesmus
Ornitholestes,https://en.wikipedia.org/wiki/Ornitholestes
Ornithomerus,https://en.wikipedia.org/wiki/Ornithomerus
Ornithomimoides,https://en.wikipedia.org/wiki/Ornithomimoides
Ornithomimus,https://en.wikipedia.org/wiki/Ornithomimus
Ornithopsis,https://en.wikipedia.org/wiki/Ornithopsis
Ornithosuchus,https://en.wikipedia.org/wiki/Ornithosuchus
Orodromeus,https://en.wikipedia.org/wiki/Orodromeus
Orosaurus,https://en.wikipedia.org/wiki/Orosaurus
Orthogoniosaurus,https://en.wikipedia.org/wiki/Orthogoniosaurus
Orthomerus,https://en.wikipedia.org/wiki/Orthomerus
Oryctodromeus,https://en.wikipedia.org/wiki/Oryctodromeus
Osmakasaurus,https://en.wikipedia.org/wiki/Osmakasaurus
Ostafrikasaurus,https://en.wikipedia.org/wiki/Ostafrikasaurus
Ostromia,https://en.wikipedia.org/wiki/Ostromia
Ouranosaurus,https://en.wikipedia.org/wiki/Ouranosaurus
Overoraptor,https://en.wikipedia.org/wiki/Overoraptor
Overosaurus,https://en.wikipedia.org/wiki/Overosaurus
Oviraptor,https://en.wikipedia.org/wiki/Oviraptor
Owenodon,https://en.wikipedia.org/wiki/Owenodon
Oxalaia,https://en.wikipedia.org/wiki/Oxalaia
Ozraptor,https://en.wikipedia.org/wiki/Ozraptor
Pachycephalosaurus,https://en.wikipedia.org/wiki/Pachycephalosaurus
Pachyrhinosaurus,https://en.wikipedia.org/wiki/Pachyrhinosaurus
Pachysuchus,https://en.wikipedia.org/wiki/Pachysuchus
Padillasaurus,https://en.wikipedia.org/wiki/Padillasaurus
Palaeoctonus,https://en.wikipedia.org/wiki/Palaeoctonus
Palaeocursornis,https://en.wikipedia.org/wiki/Palaeocursornis
Palaeopteryx,https://en.wikipedia.org/wiki/Palaeopteryx
Palaeosaurus,https://en.wikipedia.org/wiki/Palaeosaurus
Palaeoscincus,https://en.wikipedia.org/wiki/Palaeoscincus
Paludititan,https://en.wikipedia.org/wiki/Paludititan
Pampadromaeus,https://en.wikipedia.org/wiki/Pampadromaeus
Pamparaptor,https://en.wikipedia.org/wiki/Pamparaptor
Panamericansaurus,https://en.wikipedia.org/wiki/Panamericansaurus
Pandoravenator,https://en.wikipedia.org/wiki/Pandoravenator
Panguraptor,https://en.wikipedia.org/wiki/Panguraptor
Panoplosaurus,https://en.wikipedia.org/wiki/Panoplosaurus
Panphagia,https://en.wikipedia.org/wiki/Panphagia
Pantydraco,https://en.wikipedia.org/wiki/Pantydraco
Papiliovenator,https://en.wikipedia.org/wiki/Papiliovenator
Paralitherizinosaurus,https://en.wikipedia.org/wiki/Paralitherizinosaurus
Paralititan,https://en.wikipedia.org/wiki/Paralititan
Paranthodon,https://en.wikipedia.org/wiki/Paranthodon
Pararhabdodon,https://en.wikipedia.org/wiki/Pararhabdodon
Parasaurolophus,https://en.wikipedia.org/wiki/Parasaurolophus
Paraxenisaurus,https://en.wikipedia.org/wiki/Paraxenisaurus
Pareiasaur,https://en.wikipedia.org/wiki/Pareiasaur
Pareiasaurus,https://en.wikipedia.org/wiki/Pareiasaurus
Pareisactus,https://en.wikipedia.org/wiki/Pareisactus
Parksosaurus,https://en.wikipedia.org/wiki/Parksosaurus
Paronychodon,https://en.wikipedia.org/wiki/Paronychodon
Parvicursor,https://en.wikipedia.org/wiki/Parvicursor
Patagonykus,https://en.wikipedia.org/wiki/Patagonykus
Patagosaurus,https://en.wikipedia.org/wiki/Patagosaurus
Patagotitan,https://en.wikipedia.org/wiki/Patagotitan
Pawpawsaurus,https://en.wikipedia.org/wiki/Pawpawsaurus
Pectinodon,https://en.wikipedia.org/wiki/Pectinodon
Pedopenna,https://en.wikipedia.org/wiki/Pedopenna
Pegomastax,https://en.wikipedia.org/wiki/Pegomastax
Peishansaurus,https://en.wikipedia.org/wiki/Peishansaurus
Pelecanimimus,https://en.wikipedia.org/wiki/Pelecanimimus
Pellegrinisaurus,https://en.wikipedia.org/wiki/Pellegrinisaurus
Peloroplites,https://en.wikipedia.org/wiki/Peloroplites
Pelorosaurus,https://en.wikipedia.org/wiki/Pelorosaurus
Pelycosaur,https://en.wikipedia.org/wiki/Pelycosaur
Pendraig,https://en.wikipedia.org/wiki/Pendraig
Penelopognathus,https://en.wikipedia.org/wiki/Penelopognathus
Pentaceratops,https://en.wikipedia.org/wiki/Pentaceratops
Perijasaurus,https://en.wikipedia.org/wiki/Perijasaurus
Petrobrasaurus,https://en.wikipedia.org/wiki/Petrobrasaurus
Phaedrolosaurus,https://en.wikipedia.org/wiki/Phaedrolosaurus
Philovenator,https://en.wikipedia.org/wiki/Philovenator
Phuwiangosaurus,https://en.wikipedia.org/wiki/Phuwiangosaurus
Phuwiangvenator,https://en.wikipedia.org/wiki/Phuwiangvenator
Phyllodon,https://en.wikipedia.org/wiki/Phyllodon
Phytosaur,https://en.wikipedia.org/wiki/Phytosaur
Piatnitzkysaurus,https://en.wikipedia.org/wiki/Piatnitzkysaurus
Picrodon,https://en.wikipedia.org/wiki/Picrodon
Pilmatueia,https://en.wikipedia.org/wiki/Pilmatueia
Pinacosaurus,https://en.wikipedia.org/wiki/Pinacosaurus
Pisanosaurus,https://en.wikipedia.org/wiki/Pisanosaurus
Pitekunsaurus,https://en.wikipedia.org/wiki/Pitekunsaurus
Piveteausaurus,https://en.wikipedia.org/wiki/Piveteausaurus
Planicoxa,https://en.wikipedia.org/wiki/Planicoxa
Plateosauravus,https://en.wikipedia.org/wiki/Plateosauravus
Plateosaurus,https://en.wikipedia.org/wiki/Plateosaurus
Platypelta,https://en.wikipedia.org/wiki/Platypelta
Plesiohadros,https://en.wikipedia.org/wiki/Plesiohadros
Plesiosaur,https://en.wikipedia.org/wiki/Plesiosaur
Pneumatoarthrus,https://en.wikipedia.org/wiki/Pneumatoarthrus
Pneumatoraptor,https://en.wikipedia.org/wiki/Pneumatoraptor
Podokesaurus,https://en.wikipedia.org/wiki/Podokesaurus
Poekilopleuron,https://en.wikipedia.org/wiki/Poekilopleuron
Polacanthoides,https://en.wikipedia.org/wiki/Polacanthoides
Polacanthus,https://en.wikipedia.org/wiki/Polacanthus
Polyodontosaurus,https://en.wikipedia.org/wiki/Polyodontosaurus
Polyonax,https://en.wikipedia.org/wiki/Polyonax
Ponerosteus,https://en.wikipedia.org/wiki/Ponerosteus
Poposaurus,https://en.wikipedia.org/wiki/Poposaurus
Portellsaurus,https://en.wikipedia.org/wiki/Portellsaurus
Postosuchus,https://en.wikipedia.org/wiki/Postosuchus
Powellvenator,https://en.wikipedia.org/wiki/Powellvenator
Pradhania,https://en.wikipedia.org/wiki/Pradhania
Prenocephale,https://en.wikipedia.org/wiki/Prenocephale
Prenoceratops,https://en.wikipedia.org/wiki/Prenoceratops
Priconodon,https://en.wikipedia.org/wiki/Priconodon
Priodontognathus,https://en.wikipedia.org/wiki/Priodontognathus
Proa valdearinnoensis,https://en.wikipedia.org/wiki/Proa_valdearinnoensis
Probactrosaurus,https://en.wikipedia.org/wiki/Probactrosaurus
Probrachylophosaurus,https://en.wikipedia.org/wiki/Probrachylophosaurus
Proceratosaurus,https://en.wikipedia.org/wiki/Proceratosaurus
Procompsognathus,https://en.wikipedia.org/wiki/Procompsognathus
Prodeinodon,https://en.wikipedia.org/wiki/Prodeinodon
Propanoplosaurus,https://en.wikipedia.org/wiki/Propanoplosaurus
Prosaurolophus,https://en.wikipedia.org/wiki/Prosaurolophus
Protarchaeopteryx,https://en.wikipedia.org/wiki/Protarchaeopteryx
Protecovasaurus,https://en.wikipedia.org/wiki/Protecovasaurus
Protoavis,https://en.wikipedia.org/wiki/Protoavis
Protoceratops,https://en.wikipedia.org/wiki/Protoceratops
Protognathosaurus,https://en.wikipedia.org/wiki/Protognathosaurus
Protohadros,https://en.wikipedia.org/wiki/Protohadros
Protorosauria,https://en.wikipedia.org/wiki/Protorosauria
Protorosaurus,https://en.wikipedia.org/wiki/Protorosaurus
Pseudosuchia,https://en.wikipedia.org/wiki/Pseudosuchia
Psittacosaurus,https://en.wikipedia.org/wiki/Psittacosaurus
Pteropelyx,https://en.wikipedia.org/wiki/Pteropelyx
Pterosaur,https://en.wikipedia.org/wiki/Pterosaur
Pterospondylus,https://en.wikipedia.org/wiki/Pterospondylus
Puertasaurus,https://en.wikipedia.org/wiki/Puertasaurus
Pukyongosaurus,https://en.wikipedia.org/wiki/Pukyongosaurus
Pulanesaura,https://en.wikipedia.org/wiki/Pulanesaura
Punatitan,https://en.wikipedia.org/wiki/Punatitan
Pycnonemosaurus,https://en.wikipedia.org/wiki/Pycnonemosaurus
Pyroraptor,https://en.wikipedia.org/wiki/Pyroraptor
Qantassaurus,https://en.wikipedia.org/wiki/Qantassaurus
Qianzhousaurus,https://en.wikipedia.org/wiki/Qianzhousaurus
Qiaowanlong,https://en.wikipedia.org/wiki/Qiaowanlong
Qijianglong,https://en.wikipedia.org/wiki/Qijianglong
Qingxiusaurus,https://en.wikipedia.org/wiki/Qingxiusaurus
Qinlingosaurus,https://en.wikipedia.org/wiki/Qinlingosaurus
Qiupalong,https://en.wikipedia.org/wiki/Qiupalong
Qiupanykus,https://en.wikipedia.org/wiki/Qiupanykus
Quaesitosaurus,https://en.wikipedia.org/wiki/Quaesitosaurus
Quetecsaurus,https://en.wikipedia.org/wiki/Quetecsaurus
Quilmesaurus,https://en.wikipedia.org/wiki/Quilmesaurus
Rachitrema,https://en.wikipedia.org/wiki/Rachitrema
Rahiolisaurus,https://en.wikipedia.org/wiki/Rahiolisaurus
Rahonavis,https://en.wikipedia.org/wiki/Rahonavis
Rajasaurus,https://en.wikipedia.org/wiki/Rajasaurus
Rapator,https://en.wikipedia.org/wiki/Rapator
Rapetosaurus,https://en.wikipedia.org/wiki/Rapetosaurus
Raptorex,https://en.wikipedia.org/wiki/Raptorex
Ratchasimasaurus,https://en.wikipedia.org/wiki/Ratchasimasaurus
Rativates,https://en.wikipedia.org/wiki/Rativates
Rauisuchia,https://en.wikipedia.org/wiki/Rauisuchia
Rayososaurus,https://en.wikipedia.org/wiki/Rayososaurus
Razanandrongobe,https://en.wikipedia.org/wiki/Razanandrongobe
Rebbachisaurus,https://en.wikipedia.org/wiki/Rebbachisaurus
Regaliceratops,https://en.wikipedia.org/wiki/Regaliceratops
Regnosaurus,https://en.wikipedia.org/wiki/Regnosaurus
Revueltosaurus,https://en.wikipedia.org/wiki/Revueltosaurus
Rhabdodon,https://en.wikipedia.org/wiki/Rhabdodon
Rhadinosaurus,https://en.wikipedia.org/wiki/Rhadinosaurus
Rhinorex,https://en.wikipedia.org/wiki/Rhinorex
Rhoetosaurus,https://en.wikipedia.org/wiki/Rhoetosaurus
Rhomaleopakhus,https://en.wikipedia.org/wiki/Rhomaleopakhus
Rhopalodon,https://en.wikipedia.org/wiki/Rhopalodon
Rhynchosaur,https://en.wikipedia.org/wiki/Rhynchosaur
Riabininohadros,https://en.wikipedia.org/wiki/Riabininohadros
Richardoestesia,https://en.wikipedia.org/wiki/Richardoestesia
Rileyasuchus,https://en.wikipedia.org/wiki/Rileyasuchus
Rinchenia,https://en.wikipedia.org/wiki/Rinchenia
Rinconsaurus,https://en.wikipedia.org/wiki/Rinconsaurus
Riojasaurus,https://en.wikipedia.org/wiki/Riojasaurus
Riojasuchus,https://en.wikipedia.org/wiki/Riojasuchus
Riparovenator,https://en.wikipedia.org/wiki/Riparovenator
Rocasaurus,https://en.wikipedia.org/wiki/Rocasaurus
Ruehleia,https://en.wikipedia.org/wiki/Ruehleia
Rugocaudia,https://en.wikipedia.org/wiki/Rugocaudia
Rugops,https://en.wikipedia.org/wiki/Rugops
Rukwatitan,https://en.wikipedia.org/wiki/Rukwatitan
Ruyangosaurus,https://en.wikipedia.org/wiki/Ruyangosaurus
Sacisaurus,https://en.wikipedia.org/wiki/Sacisaurus
Sahaliyania,https://en.wikipedia.org/wiki/Sahaliyania
Saichania,https://en.wikipedia.org/wiki/Saichania
Saltasaurus,https://en.wikipedia.org/wiki/Saltasaurus
Saltopus,https://en.wikipedia.org/wiki/Saltopus
Saltriovenator,https://en.wikipedia.org/wiki/Saltriovenator
Sanjuansaurus,https://en.wikipedia.org/wiki/Sanjuansaurus
Sanpasaurus,https://en.wikipedia.org/wiki/Sanpasaurus
Santanaraptor,https://en.wikipedia.org/wiki/Santanaraptor
Sanxiasaurus,https://en.wikipedia.org/wiki/Sanxiasaurus
Sarahsaurus,https://en.wikipedia.org/wiki/Sarahsaurus
Sarcolestes,https://en.wikipedia.org/wiki/Sarcolestes
Sarcosaurus,https://en.wikipedia.org/wiki/Sarcosaurus
Sarmientosaurus,https://en.wikipedia.org/wiki/Sarmientosaurus
Saurolophus,https://en.wikipedia.org/wiki/Saurolophus
Sauroniops,https://en.wikipedia.org/wiki/Sauroniops
Sauropelta,https://en.wikipedia.org/wiki/Sauropelta
Saurophaganax,https://en.wikipedia.org/wiki/Saurophaganax
Sauroplites,https://en.wikipedia.org/wiki/Sauroplites
Sauroposeidon,https://en.wikipedia.org/wiki/Sauroposeidon
Saurornithoides,https://en.wikipedia.org/wiki/Saurornithoides
Saurornitholestes,https://en.wikipedia.org/wiki/Saurornitholestes
Savannasaurus,https://en.wikipedia.org/wiki/Savannasaurus
Scansoriopteryx,https://en.wikipedia.org/wiki/Scansoriopteryx
Scelidosaurus,https://en.wikipedia.org/wiki/Scelidosaurus
Schleitheimia,https://en.wikipedia.org/wiki/Schleitheimia
Scipionyx,https://en.wikipedia.org/wiki/Scipionyx
Sciurumimus,https://en.wikipedia.org/wiki/Sciurumimus
Scleromochlus,https://en.wikipedia.org/wiki/Scleromochlus
Scolosaurus,https://en.wikipedia.org/wiki/Scolosaurus
Scutellosaurus,https://en.wikipedia.org/wiki/Scutellosaurus
Secernosaurus,https://en.wikipedia.org/wiki/Secernosaurus
Sefapanosaurus,https://en.wikipedia.org/wiki/Sefapanosaurus
Segisaurus,https://en.wikipedia.org/wiki/Segisaurus
Segnosaurus,https://en.wikipedia.org/wiki/Segnosaurus
Seitaad,https://en.wikipedia.org/wiki/Seitaad
Sektensaurus,https://en.wikipedia.org/wiki/Sektensaurus
Serendipaceratops,https://en.wikipedia.org/wiki/Serendipaceratops
Serikornis,https://en.wikipedia.org/wiki/Serikornis
Shamosaurus,https://en.wikipedia.org/wiki/Shamosaurus
Shanag,https://en.wikipedia.org/wiki/Shanag
Shantungosaurus,https://en.wikipedia.org/wiki/Shantungosaurus
Shanxia,https://en.wikipedia.org/wiki/Shanxia
Shanyangosaurus,https://en.wikipedia.org/wiki/Shanyangosaurus
Shaochilong,https://en.wikipedia.org/wiki/Shaochilong
Shenzhousaurus,https://en.wikipedia.org/wiki/Shenzhousaurus
Shidaisaurus,https://en.wikipedia.org/wiki/Shidaisaurus
Shingopana,https://en.wikipedia.org/wiki/Shingopana
Shishugounykus,https://en.wikipedia.org/wiki/Shishugounykus
Shixinggia,https://en.wikipedia.org/wiki/Shixinggia
Shri devi,https://en.wikipedia.org/wiki/Shri_devi
Shuangbaisaurus,https://en.wikipedia.org/wiki/Shuangbaisaurus
Shuangmiaosaurus,https://en.wikipedia.org/wiki/Shuangmiaosaurus
Shunosaurus,https://en.wikipedia.org/wiki/Shunosaurus
Shuvosaurus,https://en.wikipedia.org/wiki/Shuvosaurus
Shuvuuia,https://en.wikipedia.org/wiki/Shuvuuia
Siamodon,https://en.wikipedia.org/wiki/Siamodon
Siamosaurus,https://en.wikipedia.org/wiki/Siamosaurus
Siamotyrannus,https://en.wikipedia.org/wiki/Siamotyrannus
Siamraptor,https://en.wikipedia.org/wiki/Siamraptor
Sibirotitan,https://en.wikipedia.org/wiki/Sibirotitan
Sierraceratops,https://en.wikipedia.org/wiki/Sierraceratops
Sigilmassasaurus,https://en.wikipedia.org/wiki/Sigilmassasaurus
Silesaurus,https://en.wikipedia.org/wiki/Silesaurus
Siluosaurus,https://en.wikipedia.org/wiki/Siluosaurus
Silutitan,https://en.wikipedia.org/wiki/Silutitan
Silvisaurus,https://en.wikipedia.org/wiki/Silvisaurus
Similicaudipteryx,https://en.wikipedia.org/wiki/Similicaudipteryx
Sinankylosaurus,https://en.wikipedia.org/wiki/Sinankylosaurus
Sinocalliopteryx,https://en.wikipedia.org/wiki/Sinocalliopteryx
Sinocephale,https://en.wikipedia.org/wiki/Sinocephale
Sinoceratops,https://en.wikipedia.org/wiki/Sinoceratops
Sinocoelurus,https://en.wikipedia.org/wiki/Sinocoelurus
Sinopliosaurus,https://en.wikipedia.org/wiki/Sinopliosaurus
Sinornithoides,https://en.wikipedia.org/wiki/Sinornithoides
Sinornithomimus,https://en.wikipedia.org/wiki/Sinornithomimus
Sinornithosaurus,https://en.wikipedia.org/wiki/Sinornithosaurus
Sinosauropteryx,https://en.wikipedia.org/wiki/Sinosauropteryx
Sinosaurus,https://en.wikipedia.org/wiki/Sinosaurus
Sinotyrannus,https://en.wikipedia.org/wiki/Sinotyrannus
Sinovenator,https://en.wikipedia.org/wiki/Sinovenator
Sinraptor,https://en.wikipedia.org/wiki/Sinraptor
Sinusonasus,https://en.wikipedia.org/wiki/Sinusonasus
Sirindhorna,https://en.wikipedia.org/wiki/Sirindhorna
Skorpiovenator,https://en.wikipedia.org/wiki/Skorpiovenator
Smitanosaurus,https://en.wikipedia.org/wiki/Smitanosaurus
Sonidosaurus,https://en.wikipedia.org/wiki/Sonidosaurus
Sonorasaurus,https://en.wikipedia.org/wiki/Sonorasaurus
Soriatitan,https://en.wikipedia.org/wiki/Soriatitan
Soumyasaurus,https://en.wikipedia.org/wiki/Soumyasaurus
Spectrovenator,https://en.wikipedia.org/wiki/Spectrovenator
Sphaerotholus,https://en.wikipedia.org/wiki/Sphaerotholus
Sphenosaurus,https://en.wikipedia.org/wiki/Sphenosaurus
Sphenosuchia,https://en.wikipedia.org/wiki/Sphenosuchia
Sphenosuchus,https://en.wikipedia.org/wiki/Sphenosuchus
Spiclypeus,https://en.wikipedia.org/wiki/Spiclypeus
Spicomellus,https://en.wikipedia.org/wiki/Spicomellus
Spinophorosaurus,https://en.wikipedia.org/wiki/Spinophorosaurus
Spinops,https://en.wikipedia.org/wiki/Spinops
Spinosaurus,https://en.wikipedia.org/wiki/Spinosaurus
Spinostropheus,https://en.wikipedia.org/wiki/Spinostropheus
Spinosuchus,https://en.wikipedia.org/wiki/Spinosuchus
Spondylosoma,https://en.wikipedia.org/wiki/Spondylosoma
Squalodon,https://en.wikipedia.org/wiki/Squalodon
Staurikosaurus,https://en.wikipedia.org/wiki/Staurikosaurus
Stegoceras,https://en.wikipedia.org/wiki/Stegoceras
Stegopelta,https://en.wikipedia.org/wiki/Stegopelta
Stegosaurides,https://en.wikipedia.org/wiki/Stegosaurides
Stegosaurus,https://en.wikipedia.org/wiki/Stegosaurus
Stegouros,https://en.wikipedia.org/wiki/Stegouros
Stellasaurus,https://en.wikipedia.org/wiki/Stellasaurus
Stenonychosaurus,https://en.wikipedia.org/wiki/Stenonychosaurus
Stenopelix,https://en.wikipedia.org/wiki/Stenopelix
Stephanosaurus,https://en.wikipedia.org/wiki/Stephanosaurus
Stokesosaurus,https://en.wikipedia.org/wiki/Stokesosaurus
Streptospondylus,https://en.wikipedia.org/wiki/Streptospondylus
Struthiomimus,https://en.wikipedia.org/wiki/Struthiomimus
Struthiosaurus,https://en.wikipedia.org/wiki/Struthiosaurus
Styracosaurus,https://en.wikipedia.org/wiki/Styracosaurus
Succinodon,https://en.wikipedia.org/wiki/Succinodon
Suchomimus,https://en.wikipedia.org/wiki/Suchomimus
Suchoprion,https://en.wikipedia.org/wiki/Suchoprion
Suchosaurus,https://en.wikipedia.org/wiki/Suchosaurus
Supersaurus,https://en.wikipedia.org/wiki/Supersaurus
Suskityrannus,https://en.wikipedia.org/wiki/Suskityrannus
Suuwassea,https://en.wikipedia.org/wiki/Suuwassea
Suzhousaurus,https://en.wikipedia.org/wiki/Suzhousaurus
Syngonosaurus,https://en.wikipedia.org/wiki/Syngonosaurus
Szechuanosaurus,https://en.wikipedia.org/wiki/Szechuanosaurus
Tachiraptor,https://en.wikipedia.org/wiki/Tachiraptor
Talarurus,https://en.wikipedia.org/wiki/Talarurus
Talenkauen,https://en.wikipedia.org/wiki/Talenkauen
Tamarro,https://en.wikipedia.org/wiki/Tamarro
Tambatitanis,https://en.wikipedia.org/wiki/Tambatitanis
Tangvayosaurus,https://en.wikipedia.org/wiki/Tangvayosaurus
Tanius,https://en.wikipedia.org/wiki/Tanius
Taniwhasaurus,https://en.wikipedia.org/wiki/Taniwhasaurus
Tanycolagreus,https://en.wikipedia.org/wiki/Tanycolagreus
Tanystropheidae,https://en.wikipedia.org/wiki/Tanystropheidae
Tanystropheus,https://en.wikipedia.org/wiki/Tanystropheus
Tanystrosuchus,https://en.wikipedia.org/wiki/Tanystrosuchus
Taohelong,https://en.wikipedia.org/wiki/Taohelong
Tapinocephalus,https://en.wikipedia.org/wiki/Tapinocephalus
Tapuiasaurus,https://en.wikipedia.org/wiki/Tapuiasaurus
Tarascosaurus,https://en.wikipedia.org/wiki/Tarascosaurus
Tarbosaurus,https://en.wikipedia.org/wiki/Tarbosaurus
Tarchia,https://en.wikipedia.org/wiki/Tarchia
Tastavinsaurus,https://en.wikipedia.org/wiki/Tastavinsaurus
Tatankacephalus,https://en.wikipedia.org/wiki/Tatankacephalus
Tatankaceratops,https://en.wikipedia.org/wiki/Tatankaceratops
Tataouinea,https://en.wikipedia.org/wiki/Tataouinea
Tatisaurus,https://en.wikipedia.org/wiki/Tatisaurus
Taurovenator,https://en.wikipedia.org/wiki/Taurovenator
Taveirosaurus,https://en.wikipedia.org/wiki/Taveirosaurus
Tazoudasaurus,https://en.wikipedia.org/wiki/Tazoudasaurus
Technosaurus,https://en.wikipedia.org/wiki/Technosaurus
Tecovasaurus,https://en.wikipedia.org/wiki/Tecovasaurus
Tehuelchesaurus,https://en.wikipedia.org/wiki/Tehuelchesaurus
Teinurosaurus,https://en.wikipedia.org/wiki/Teinurosaurus
Teleocrater,https://en.wikipedia.org/wiki/Teleocrater
Telmatosaurus,https://en.wikipedia.org/wiki/Telmatosaurus
Tendaguria,https://en.wikipedia.org/wiki/Tendaguria
Tengrisaurus,https://en.wikipedia.org/wiki/Tengrisaurus
Tenontosaurus,https://en.wikipedia.org/wiki/Tenontosaurus
Teratophoneus,https://en.wikipedia.org/wiki/Teratophoneus
Teratosaurus,https://en.wikipedia.org/wiki/Teratosaurus
Termatosaurus,https://en.wikipedia.org/wiki/Termatosaurus
Terminocavus,https://en.wikipedia.org/wiki/Terminocavus
Tethyshadros,https://en.wikipedia.org/wiki/Tethyshadros
Texacephale,https://en.wikipedia.org/wiki/Texacephale
Texasetes,https://en.wikipedia.org/wiki/Texasetes
Thanatotheristes,https://en.wikipedia.org/wiki/Thanatotheristes
Thanos simonattoi,https://en.wikipedia.org/wiki/Thanos_simonattoi
Thecocoelurus,https://en.wikipedia.org/wiki/Thecocoelurus
Thecodontosaurus,https://en.wikipedia.org/wiki/Thecodontosaurus
Thecospondylus,https://en.wikipedia.org/wiki/Thecospondylus
Theiophytalia,https://en.wikipedia.org/wiki/Theiophytalia
Therapsid,https://en.wikipedia.org/wiki/Therapsid
Therizinosaurus,https://en.wikipedia.org/wiki/Therizinosaurus
Theropoda,https://en.wikipedia.org/wiki/Theropoda
Thescelosaurus,https://en.wikipedia.org/wiki/Thescelosaurus
Thespesius,https://en.wikipedia.org/wiki/Thespesius
Tianchisaurus,https://en.wikipedia.org/wiki/Tianchisaurus
Tianyulong,https://en.wikipedia.org/wiki/Tianyulong
Tianyuraptor,https://en.wikipedia.org/wiki/Tianyuraptor
Tianzhenosaurus,https://en.wikipedia.org/wiki/Tianzhenosaurus
Tichosteus,https://en.wikipedia.org/wiki/Tichosteus
Tienshanosaurus,https://en.wikipedia.org/wiki/Tienshanosaurus
Timimus,https://en.wikipedia.org/wiki/Timimus
Timurlengia,https://en.wikipedia.org/wiki/Timurlengia
Titanoceratops,https://en.wikipedia.org/wiki/Titanoceratops
Titanosaurus,https://en.wikipedia.org/wiki/Titanosaurus
Tlatolophus,https://en.wikipedia.org/wiki/Tlatolophus
Tochisaurus,https://en.wikipedia.org/wiki/Tochisaurus
Tonganosaurus,https://en.wikipedia.org/wiki/Tonganosaurus
Tongtianlong,https://en.wikipedia.org/wiki/Tongtianlong
Tornieria,https://en.wikipedia.org/wiki/Tornieria
Torosaurus,https://en.wikipedia.org/wiki/Torosaurus
Torvosaurus,https://en.wikipedia.org/wiki/Torvosaurus
Tototlmimus,https://en.wikipedia.org/wiki/Tototlmimus
Trachodon,https://en.wikipedia.org/wiki/Trachodon
Tralkasaurus,https://en.wikipedia.org/wiki/Tralkasaurus
Tratayenia,https://en.wikipedia.org/wiki/Tratayenia
Traukutitan,https://en.wikipedia.org/wiki/Traukutitan
Trialestes,https://en.wikipedia.org/wiki/Trialestes
Triceratops,https://en.wikipedia.org/wiki/Triceratops
Trierarchuncus,https://en.wikipedia.org/wiki/Trierarchuncus
Trigonosaurus,https://en.wikipedia.org/wiki/Trigonosaurus
Trimucrodon,https://en.wikipedia.org/wiki/Trimucrodon
Trinisaura,https://en.wikipedia.org/wiki/Trinisaura
Triunfosaurus,https://en.wikipedia.org/wiki/Triunfosaurus
Troodon,https://en.wikipedia.org/wiki/Troodon
Tsaagan,https://en.wikipedia.org/wiki/Tsaagan
Tsagantegia,https://en.wikipedia.org/wiki/Tsagantegia
Tsintaosaurus,https://en.wikipedia.org/wiki/Tsintaosaurus
Tuebingosaurus,https://en.wikipedia.org/wiki/Tuebingosaurus
Tugulusaurus,https://en.wikipedia.org/wiki/Tugulusaurus
Tuojiangosaurus,https://en.wikipedia.org/wiki/Tuojiangosaurus
Turanoceratops,https://en.wikipedia.org/wiki/Turanoceratops
Turiasaurus,https://en.wikipedia.org/wiki/Turiasaurus
Tylocephale,https://en.wikipedia.org/wiki/Tylocephale
Tyrannosaurus,https://en.wikipedia.org/wiki/Tyrannosaurus
Tyrannotitan,https://en.wikipedia.org/wiki/Tyrannotitan
Uberabatitan,https://en.wikipedia.org/wiki/Uberabatitan
Ubirajara jubatus,https://en.wikipedia.org/wiki/Ubirajara_jubatus
Udanoceratops,https://en.wikipedia.org/wiki/Udanoceratops
Ultrasaurus,https://en.wikipedia.org/wiki/Ultrasaurus
Ulughbegsaurus,https://en.wikipedia.org/wiki/Ulughbegsaurus
Unaysaurus,https://en.wikipedia.org/wiki/Unaysaurus
Unenlagia,https://en.wikipedia.org/wiki/Unenlagia
Unescoceratops,https://en.wikipedia.org/wiki/Unescoceratops
Unquillosaurus,https://en.wikipedia.org/wiki/Unquillosaurus
Urbacodon,https://en.wikipedia.org/wiki/Urbacodon
Utahceratops,https://en.wikipedia.org/wiki/Utahceratops
Utahraptor,https://en.wikipedia.org/wiki/Utahraptor
Uteodon,https://en.wikipedia.org/wiki/Uteodon
Vagaceratops,https://en.wikipedia.org/wiki/Vagaceratops
Vahiny,https://en.wikipedia.org/wiki/Vahiny
Valdoraptor,https://en.wikipedia.org/wiki/Valdoraptor
Valdosaurus,https://en.wikipedia.org/wiki/Valdosaurus
Vallibonavenatrix,https://en.wikipedia.org/wiki/Vallibonavenatrix
Variraptor,https://en.wikipedia.org/wiki/Variraptor
Vayuraptor,https://en.wikipedia.org/wiki/Vayuraptor
Vectaerovenator,https://en.wikipedia.org/wiki/Vectaerovenator
Vectiraptor,https://en.wikipedia.org/wiki/Vectiraptor
Velafrons,https://en.wikipedia.org/wiki/Velafrons
Velocipes,https://en.wikipedia.org/wiki/Velocipes
Velociraptor,https://en.wikipedia.org/wiki/Velociraptor
Velocisaurus,https://en.wikipedia.org/wiki/Velocisaurus
Venaticosuchus,https://en.wikipedia.org/wiki/Venaticosuchus
Venenosaurus,https://en.wikipedia.org/wiki/Venenosaurus
Vespersaurus,https://en.wikipedia.org/wiki/Vespersaurus
Veterupristisaurus,https://en.wikipedia.org/wiki/Veterupristisaurus
Viavenator,https://en.wikipedia.org/wiki/Viavenator
Volgatitan,https://en.wikipedia.org/wiki/Volgatitan
Volkheimeria,https://en.wikipedia.org/wiki/Volkheimeria
Vouivria,https://en.wikipedia.org/wiki/Vouivria
Vulcanodon,https://en.wikipedia.org/wiki/Vulcanodon
Wakinosaurus,https://en.wikipedia.org/wiki/Wakinosaurus
Walgettosuchus,https://en.wikipedia.org/wiki/Walgettosuchus
Wamweracaudia,https://en.wikipedia.org/wiki/Wamweracaudia
Wannanosaurus,https://en.wikipedia.org/wiki/Wannanosaurus
Weewarrasaurus,https://en.wikipedia.org/wiki/Weewarrasaurus
Wellnhoferia,https://en.wikipedia.org/wiki/Wellnhoferia
Wendiceratops,https://en.wikipedia.org/wiki/Wendiceratops
Wiehenvenator,https://en.wikipedia.org/wiki/Wiehenvenator
Willinakaqe,https://en.wikipedia.org/wiki/Willinakaqe
Wintonotitan,https://en.wikipedia.org/wiki/Wintonotitan
Wuerhosaurus,https://en.wikipedia.org/wiki/Wuerhosaurus
Wulagasaurus,https://en.wikipedia.org/wiki/Wulagasaurus
Wulatelong,https://en.wikipedia.org/wiki/Wulatelong
Wulong bohaiensis,https://en.wikipedia.org/wiki/Wulong_bohaiensis
Wyleyia,https://en.wikipedia.org/wiki/Wyleyia
Xenoceratops,https://en.wikipedia.org/wiki/Xenoceratops
Xenoposeidon,https://en.wikipedia.org/wiki/Xenoposeidon
Xenotarsosaurus,https://en.wikipedia.org/wiki/Xenotarsosaurus
Xianshanosaurus,https://en.wikipedia.org/wiki/Xianshanosaurus
Xiaosaurus,https://en.wikipedia.org/wiki/Xiaosaurus
Xiaotingia,https://en.wikipedia.org/wiki/Xiaotingia
Xingtianosaurus,https://en.wikipedia.org/wiki/Xingtianosaurus
Xingxiulong,https://en.wikipedia.org/wiki/Xingxiulong
Xinjiangovenator,https://en.wikipedia.org/wiki/Xinjiangovenator
Xinjiangtitan,https://en.wikipedia.org/wiki/Xinjiangtitan
Xiongguanlong,https://en.wikipedia.org/wiki/Xiongguanlong
Xixianykus,https://en.wikipedia.org/wiki/Xixianykus
Xixiasaurus,https://en.wikipedia.org/wiki/Xixiasaurus
Xixiposaurus,https://en.wikipedia.org/wiki/Xixiposaurus
Xiyunykus,https://en.wikipedia.org/wiki/Xiyunykus
Xuanhanosaurus,https://en.wikipedia.org/wiki/Xuanhanosaurus
Xuanhuaceratops,https://en.wikipedia.org/wiki/Xuanhuaceratops
Xunmenglong,https://en.wikipedia.org/wiki/Xunmenglong
Xuwulong,https://en.wikipedia.org/wiki/Xuwulong
Yamaceratops,https://en.wikipedia.org/wiki/Yamaceratops
Yamanasaurus,https://en.wikipedia.org/wiki/Yamanasaurus
Yamatosaurus,https://en.wikipedia.org/wiki/Yamatosaurus
Yandusaurus,https://en.wikipedia.org/wiki/Yandusaurus
Yangchuanosaurus,https://en.wikipedia.org/wiki/Yangchuanosaurus
Yanornis,https://en.wikipedia.org/wiki/Yanornis
Yaverlandia,https://en.wikipedia.org/wiki/Yaverlandia
Yehuecauhceratops,https://en.wikipedia.org/wiki/Yehuecauhceratops
Yi (dinosaur),https://en.wikipedia.org/wiki/Yi_(dinosaur)
Yimenosaurus,https://en.wikipedia.org/wiki/Yimenosaurus
Yingshanosaurus,https://en.wikipedia.org/wiki/Yingshanosaurus
Yinlong,https://en.wikipedia.org/wiki/Yinlong
Yixianosaurus,https://en.wikipedia.org/wiki/Yixianosaurus
Yizhousaurus,https://en.wikipedia.org/wiki/Yizhousaurus
Yongjinglong,https://en.wikipedia.org/wiki/Yongjinglong
Ypupiara,https://en.wikipedia.org/wiki/Ypupiara
Yuanmousaurus,https://en.wikipedia.org/wiki/Yuanmousaurus
Yueosaurus,https://en.wikipedia.org/wiki/Yueosaurus
Yulong mini,https://en.wikipedia.org/wiki/Yulong_mini
Yunganglong,https://en.wikipedia.org/wiki/Yunganglong
Yunmenglong,https://en.wikipedia.org/wiki/Yunmenglong
Yunnanosaurus,https://en.wikipedia.org/wiki/Yunnanosaurus
Yunyangosaurus,https://en.wikipedia.org/wiki/Yunyangosaurus
Yurgovuchia,https://en.wikipedia.org/wiki/Yurgovuchia
Yutyrannus,https://en.wikipedia.org/wiki/Yutyrannus
Yuxisaurus,https://en.wikipedia.org/wiki/Yuxisaurus
Zalmoxes,https://en.wikipedia.org/wiki/Zalmoxes
Zanclodon,https://en.wikipedia.org/wiki/Zanclodon
Zapalasaurus,https://en.wikipedia.org/wiki/Zapalasaurus
Zapsalis,https://en.wikipedia.org/wiki/Zapsalis
Zaraapelta,https://en.wikipedia.org/wiki/Zaraapelta
Zatomus,https://en.wikipedia.org/wiki/Zatomus
Zby,https://en.wikipedia.org/wiki/Zby
Zephyrosaurus,https://en.wikipedia.org/wiki/Zephyrosaurus
Zhanghenglong,https://en.wikipedia.org/wiki/Zhanghenglong
Zhejiangosaurus,https://en.wikipedia.org/wiki/Zhejiangosaurus
Zhenyuanlong,https://en.wikipedia.org/wiki/Zhenyuanlong
Zhongjianosaurus,https://en.wikipedia.org/wiki/Zhongjianosaurus
Zhongornis,https://en.wikipedia.org/wiki/Zhongornis
Zhongyuansaurus,https://en.wikipedia.org/wiki/Zhongyuansaurus
Zhuchengceratops,https://en.wikipedia.org/wiki/Zhuchengceratops
Zhuchengtitan,https://en.wikipedia.org/wiki/Zhuchengtitan
Zhuchengtyrannus,https://en.wikipedia.org/wiki/Zhuchengtyrannus
Ziapelta,https://en.wikipedia.org/wiki/Ziapelta
Zigongosaurus,https://en.wikipedia.org/wiki/Zigongosaurus
Zizhongosaurus,https://en.wikipedia.org/wiki/Zizhongosaurus
Zuniceratops,https://en.wikipedia.org/wiki/Zuniceratops
Zuolong,https://en.wikipedia.org/wiki/Zuolong
Zuoyunlong,https://en.wikipedia.org/wiki/Zuoyunlong
Zupaysaurus,https://en.wikipedia.org/wiki/Zupaysaurus
Zuul,https://en.wikipedia.org/wiki/Zuul